PROVINCIA,ANIO,SEMANA,FECHAREGISTROENCABEZADO,USUARIOREGISTROENCABEZADO,ORIGEN,NOMBREEVENTOAGRP,0 a 2 m,3 a 5 m ,6 a 11 m ,12 a 23 m,2 a 4 años,5 a 9 años,10 a 14 años,15 a 19 años,20 a 24 años,25 a 29 años,30 a 34 años,35 a 39 años,40 a 44 años,45 a 49 años,50 a 54 años,55 a 59 años,60 a 64 años,65 a 69 años,70 a 74 años,>= a 75 años,Sin especificar
Jurisdicción,Año_referencia,Semana_referencia,Fecha_registro,Usuario_registro,Nombre_hospital_UC_IRAG,Nombre_evento_agrupado,Rango_etario,Rango_etario,Rango_etario,Rango_etario,Rango_etario,Rango_etario,Rango_etario,Rango_etario,Rango_etario,Rango_etario,Rango_etario,Rango_etario,Rango_etario,Rango_etario,Rango_etario,Rango_etario,Rango_etario,Rango_etario,Rango_etario,Rango_etario,Rango_etario
Mendoza,2024,18,,,HOSPITAL HUMBERTO J. NOTTI.-,Pacientes internados por todas las causas,,,,,,,,,,,,,,,,,,,,,
Mendoza,2024,18,,,HOSPITAL HUMBERTO J. NOTTI.-,Casos de IRAG entre los internados,,,,,,,,,,,,,,,,,,,,,
Mendoza,2024,18,,,HOSPITAL HUMBERTO J. NOTTI.-,Casos de IRAG extendida entre los internados,,,,,,,,,,,,,,,,,,,,,
Mendoza,2024,18,,,HOSPITAL HUMBERTO J. NOTTI.-,Casos de IRAG con muestra respiratoria,,,,,,,,,,,,,,,,,,,,,
Mendoza,2024,18,,,HOSPITAL HUMBERTO J. NOTTI.-,Pacientes ingresados a UCI,,,,,,,,,,,,,,,,,,,,,
Mendoza,2024,18,,,HOSPITAL HUMBERTO J. NOTTI.-,Casos de IRAG entre los ingresados a UCI,,,,,,,,,,,,,,,,,,,,,
Mendoza,2024,18,,,HOSPITAL HUMBERTO J. NOTTI.-,Casos de IRAG EXTENDIDA entre los ingresados a UCI,,,,,,,,,,,,,,,,,,,,,
Mendoza,2024,18,,,HOSPITAL HUMBERTO J. NOTTI.-,Defunciones totales,,,,,,,,,,,,,,,,,,,,,
Mendoza,2024,18,,,HOSPITAL HUMBERTO J. NOTTI.-,Defunciones por IRAG,,,,,,,,,,,,,,,,,,,,,
Mendoza,2024,18,,,HOSPITAL HUMBERTO J. NOTTI.-,Defunciones por IRAG extendida,,,,,,,,,,,,,,,,,,,,,
Mendoza,2024,19,,,HOSPITAL HUMBERTO J. NOTTI.-,Pacientes internados por todas las causas,,,,,,,,,,,,,,,,,,,,,
Mendoza,2024,19,,,HOSPITAL HUMBERTO J. NOTTI.-,Casos de IRAG entre los internados,,,,,,,,,,,,,,,,,,,,,
Mendoza,2024,19,,,HOSPITAL HUMBERTO J. NOTTI.-,Casos de IRAG extendida entre los internados,,,,,,,,,,,,,,,,,,,,,
Mendoza,2024,19,,,HOSPITAL HUMBERTO J. NOTTI.-,Casos de IRAG con muestra respiratoria,,,,,,,,,,,,,,,,,,,,,
Mendoza,2024,19,,,HOSPITAL HUMBERTO J. NOTTI.-,Pacientes ingresados a UCI,,,,,,,,,,,,,,,,,,,,,
Mendoza,2024,19,,,HOSPITAL HUMBERTO J. NOTTI.-,Casos de IRAG entre los ingresados a UCI,,,,,,,,,,,,,,,,,,,,,
Mendoza,2024,19,,,HOSPITAL HUMBERTO J. NOTTI.-,Casos de IRAG EXTENDIDA entre los ingresados a UCI,,,,,,,,,,,,,,,,,,,,,
Mendoza,2024,19,,,HOSPITAL HUMBERTO J. NOTTI.-,Defunciones totales,,,,,,,,,,,,,,,,,,,,,
Mendoza,2024,19,,,HOSPITAL HUMBERTO J. NOTTI.-,Defunciones por IRAG,,,,,,,,,,,,,,,,,,,,,
Mendoza,2024,19,,,HOSPITAL HUMBERTO J. NOTTI.-,Defunciones por IRAG extendida,,,,,,,,,,,,,,,,,,,,,
Mendoza,2024,20,,,HOSPITAL HUMBERTO J. NOTTI.-,Pacientes internados por todas las causas,,,,,,,,,,,,,,,,,,,,,
Mendoza,2024,20,,,HOSPITAL HUMBERTO J. NOTTI.-,Casos de IRAG entre los internados,,,,,,,,,,,,,,,,,,,,,
Mendoza,2024,20,,,HOSPITAL HUMBERTO J. NOTTI.-,Casos de IRAG extendida entre los internados,,,,,,,,,,,,,,,,,,,,,
Mendoza,2024,20,,,HOSPITAL HUMBERTO J. NOTTI.-,Casos de IRAG con muestra respiratoria,,,,,,,,,,,,,,,,,,,,,
Mendoza,2024,20,,,HOSPITAL HUMBERTO J. NOTTI.-,Pacientes ingresados a UCI,,,,,,,,,,,,,,,,,,,,,
Mendoza,2024,20,,,HOSPITAL HUMBERTO J. NOTTI.-,Casos de IRAG entre los ingresados a UCI,,,,,,,,,,,,,,,,,,,,,
Mendoza,2024,20,,,HOSPITAL HUMBERTO J. NOTTI.-,Casos de IRAG EXTENDIDA entre los ingresados a UCI,,,,,,,,,,,,,,,,,,,,,
Mendoza,2024,20,,,HOSPITAL HUMBERTO J. NOTTI.-,Defunciones totales,,,,,,,,,,,,,,,,,,,,,
Mendoza,2024,20,,,HOSPITAL HUMBERTO J. NOTTI.-,Defunciones por IRAG,,,,,,,,,,,,,,,,,,,,,
Mendoza,2024,20,,,HOSPITAL HUMBERTO J. NOTTI.-,Defunciones por IRAG extendida,,,,,,,,,,,,,,,,,,,,,
Mendoza,2024,21,,,HOSPITAL HUMBERTO J. NOTTI.-,Pacientes internados por todas las causas,,,,,,,,,,,,,,,,,,,,,
Mendoza,2024,21,,,HOSPITAL HUMBERTO J. NOTTI.-,Casos de IRAG entre los internados,,,,,,,,,,,,,,,,,,,,,
Mendoza,2024,21,,,HOSPITAL HUMBERTO J. NOTTI.-,Casos de IRAG extendida entre los internados,,,,,,,,,,,,,,,,,,,,,
Mendoza,2024,21,,,HOSPITAL HUMBERTO J. NOTTI.-,Casos de IRAG con muestra respiratoria,,,,,,,,,,,,,,,,,,,,,
Mendoza,2024,21,,,HOSPITAL HUMBERTO J. NOTTI.-,Pacientes ingresados a UCI,,,,,,,,,,,,,,,,,,,,,
Mendoza,2024,21,,,HOSPITAL HUMBERTO J. NOTTI.-,Casos de IRAG entre los ingresados a UCI,,,,,,,,,,,,,,,,,,,,,
Mendoza,2024,21,,,HOSPITAL HUMBERTO J. NOTTI.-,Casos de IRAG EXTENDIDA entre los ingresados a UCI,,,,,,,,,,,,,,,,,,,,,
Mendoza,2024,21,,,HOSPITAL HUMBERTO J. NOTTI.-,Defunciones totales,,,,,,,,,,,,,,,,,,,,,
Mendoza,2024,21,,,HOSPITAL HUMBERTO J. NOTTI.-,Defunciones por IRAG,,,,,,,,,,,,,,,,,,,,,
Mendoza,2024,21,,,HOSPITAL HUMBERTO J. NOTTI.-,Defunciones por IRAG extendida,,,,,,,,,,,,,,,,,,,,,
Mendoza,2024,22,,,HOSPITAL HUMBERTO J. NOTTI.-,Pacientes internados por todas las causas,,,,,,,,,,,,,,,,,,,,,
Mendoza,2024,22,,,HOSPITAL HUMBERTO J. NOTTI.-,Casos de IRAG entre los internados,,,,,,,,,,,,,,,,,,,,,
Mendoza,2024,22,,,HOSPITAL HUMBERTO J. NOTTI.-,Casos de IRAG extendida entre los internados,,,,,,,,,,,,,,,,,,,,,
Mendoza,2024,22,,,HOSPITAL HUMBERTO J. NOTTI.-,Casos de IRAG con muestra respiratoria,,,,,,,,,,,,,,,,,,,,,
Mendoza,2024,22,,,HOSPITAL HUMBERTO J. NOTTI.-,Pacientes ingresados a UCI,,,,,,,,,,,,,,,,,,,,,
Mendoza,2024,22,,,HOSPITAL HUMBERTO J. NOTTI.-,Casos de IRAG entre los ingresados a UCI,,,,,,,,,,,,,,,,,,,,,
Mendoza,2024,22,,,HOSPITAL HUMBERTO J. NOTTI.-,Casos de IRAG EXTENDIDA entre los ingresados a UCI,,,,,,,,,,,,,,,,,,,,,
Mendoza,2024,22,,,HOSPITAL HUMBERTO J. NOTTI.-,Defunciones totales,,,,,,,,,,,,,,,,,,,,,
Mendoza,2024,22,,,HOSPITAL HUMBERTO J. NOTTI.-,Defunciones por IRAG,,,,,,,,,,,,,,,,,,,,,
Mendoza,2024,22,,,HOSPITAL HUMBERTO J. NOTTI.-,Defunciones por IRAG extendida,,,,,,,,,,,,,,,,,,,,,
Mendoza,2024,23,,,HOSPITAL HUMBERTO J. NOTTI.-,Pacientes internados por todas las causas,15,6,9,16,48,63,59,3,,,,,,,,,,,,,
Mendoza,2024,23,,,HOSPITAL HUMBERTO J. NOTTI.-,Casos de IRAG entre los internados,3,2,3,5,6,10,2,0,,,,,,,,,,,,,
Mendoza,2024,23,,,HOSPITAL HUMBERTO J. NOTTI.-,Casos de IRAG extendida entre los internados,1,1,0,0,0,0,0,0,,,,,,,,,,,,,
Mendoza,2024,23,,,HOSPITAL HUMBERTO J. NOTTI.-,Casos de IRAG con muestra respiratoria,4,3,3,4,6,9,2,0,,,,,,,,,,,,,
Mendoza,2024,23,,,HOSPITAL HUMBERTO J. NOTTI.-,Pacientes ingresados a UCI,8,0,0,1,1,0,0,0,,,,,,,,,,,,,
Mendoza,2024,23,,,HOSPITAL HUMBERTO J. NOTTI.-,Casos de IRAG entre los ingresados a UCI,0,1,0,0,1,0,0,0,,,,,,,,,,,,,
Mendoza,2024,23,,,HOSPITAL HUMBERTO J. NOTTI.-,Casos de IRAG EXTENDIDA entre los ingresados a UCI,1,0,0,0,0,0,0,0,,,,,,,,,,,,,
Mendoza,2024,23,,,HOSPITAL HUMBERTO J. NOTTI.-,Defunciones totales,1,0,0,0,0,0,0,0,,,,,,,,,,,,,
Mendoza,2024,23,,,HOSPITAL HUMBERTO J. NOTTI.-,Defunciones por IRAG,0,0,0,0,0,0,0,0,,,,,,,,,,,,,
Mendoza,2024,23,,,HOSPITAL HUMBERTO J. NOTTI.-,Defunciones por IRAG extendida,0,0,0,0,0,0,0,0,,,,,,,,,,,,,
Mendoza,2024,24,,,HOSPITAL HUMBERTO J. NOTTI.-,Pacientes internados por todas las causas,8,8,8,18,34,58,67,2,,,,,,,,,,,,,
Mendoza,2024,24,,,HOSPITAL HUMBERTO J. NOTTI.-,Casos de IRAG entre los internados,2,0,2,7,5,10,7,0,,,,,,,,,,,,,
Mendoza,2024,24,,,HOSPITAL HUMBERTO J. NOTTI.-,Casos de IRAG extendida entre los internados,0,1,0,1,0,0,0,0,,,,,,,,,,,,,
Mendoza,2024,24,,,HOSPITAL HUMBERTO J. NOTTI.-,Casos de IRAG con muestra respiratoria,2,1,2,7,5,9,7,0,,,,,,,,,,,,,
Mendoza,2024,24,,,HOSPITAL HUMBERTO J. NOTTI.-,Pacientes ingresados a UCI,4,1,0,1,1,0,0,0,,,,,,,,,,,,,
Mendoza,2024,24,,,HOSPITAL HUMBERTO J. NOTTI.-,Casos de IRAG entre los ingresados a UCI,0,0,0,0,0,0,0,0,,,,,,,,,,,,,
Mendoza,2024,24,,,HOSPITAL HUMBERTO J. NOTTI.-,Casos de IRAG EXTENDIDA entre los ingresados a UCI,0,0,0,0,0,0,0,0,,,,,,,,,,,,,
Mendoza,2024,24,,,HOSPITAL HUMBERTO J. NOTTI.-,Defunciones totales,0,0,0,0,0,0,0,0,,,,,,,,,,,,,
Mendoza,2024,24,,,HOSPITAL HUMBERTO J. NOTTI.-,Defunciones por IRAG,0,0,0,0,0,0,0,0,,,,,,,,,,,,,
Mendoza,2024,24,,,HOSPITAL HUMBERTO J. NOTTI.-,Defunciones por IRAG extendida,0,0,0,0,0,0,0,0,,,,,,,,,,,,,
Mendoza,2024,25,,,HOSPITAL HUMBERTO J. NOTTI.-,Pacientes internados por todas las causas,18,11,12,18,37,37,45,0,,,,,,,,,,,,,
Mendoza,2024,25,,,HOSPITAL HUMBERTO J. NOTTI.-,Casos de IRAG entre los internados,5,6,4,8,12,8,4,0,,,,,,,,,,,,,
Mendoza,2024,25,,,HOSPITAL HUMBERTO J. NOTTI.-,Casos de IRAG extendida entre los internados,3,3,2,1,0,0,0,0,,,,,,,,,,,,,
Mendoza,2024,25,,,HOSPITAL HUMBERTO J. NOTTI.-,Casos de IRAG con muestra respiratoria,8,9,8,9,12,8,4,0,,,,,,,,,,,,,
Mendoza,2024,25,,,HOSPITAL HUMBERTO J. NOTTI.-,Pacientes ingresados a UCI,5,0,0,2,1,1,0,0,,,,,,,,,,,,,
Mendoza,2024,25,,,HOSPITAL HUMBERTO J. NOTTI.-,Casos de IRAG entre los ingresados a UCI,0,0,0,2,0,1,1,0,,,,,,,,,,,,,
Mendoza,2024,25,,,HOSPITAL HUMBERTO J. NOTTI.-,Casos de IRAG EXTENDIDA entre los ingresados a UCI,0,0,0,0,0,0,0,0,,,,,,,,,,,,,
Mendoza,2024,25,,,HOSPITAL HUMBERTO J. NOTTI.-,Defunciones totales,0,0,0,0,0,0,0,0,,,,,,,,,,,,,
Mendoza,2024,25,,,HOSPITAL HUMBERTO J. NOTTI.-,Defunciones por IRAG,0,0,0,0,0,0,0,0,,,,,,,,,,,,,
Mendoza,2024,25,,,HOSPITAL HUMBERTO J. NOTTI.-,Defunciones por IRAG extendida,0,0,0,0,0,0,0,0,,,,,,,,,,,,,
Mendoza,2024,26,,,HOSPITAL HUMBERTO J. NOTTI.-,Pacientes internados por todas las causas,12,9,15,21,38,49,45,2,,,,,,,,,,,,,
Mendoza,2024,26,,,HOSPITAL HUMBERTO J. NOTTI.-,Casos de IRAG entre los internados,4,1,3,11,6,11,1,0,,,,,,,,,,,,,
Mendoza,2024,26,,,HOSPITAL HUMBERTO J. NOTTI.-,Casos de IRAG extendida entre los internados,5,4,0,0,0,0,0,0,,,,,,,,,,,,,
Mendoza,2024,26,,,HOSPITAL HUMBERTO J. NOTTI.-,Casos de IRAG con muestra respiratoria,9,5,3,11,6,11,1,0,,,,,,,,,,,,,
Mendoza,2024,26,,,HOSPITAL HUMBERTO J. NOTTI.-,Pacientes ingresados a UCI,5,0,0,2,1,0,1,0,,,,,,,,,,,,,
Mendoza,2024,26,,,HOSPITAL HUMBERTO J. NOTTI.-,Casos de IRAG entre los ingresados a UCI,1,0,0,0,0,0,0,0,,,,,,,,,,,,,
Mendoza,2024,26,,,HOSPITAL HUMBERTO J. NOTTI.-,Casos de IRAG EXTENDIDA entre los ingresados a UCI,1,0,0,0,0,0,0,0,,,,,,,,,,,,,
Mendoza,2024,26,,,HOSPITAL HUMBERTO J. NOTTI.-,Defunciones totales,1,0,0,0,0,0,0,0,,,,,,,,,,,,,
Mendoza,2024,26,,,HOSPITAL HUMBERTO J. NOTTI.-,Defunciones por IRAG,0,0,0,0,0,0,0,0,,,,,,,,,,,,,
Mendoza,2024,26,,,HOSPITAL HUMBERTO J. NOTTI.-,Defunciones por IRAG extendida,0,0,0,0,0,0,0,0,,,,,,,,,,,,,
Mendoza,2024,27,,,HOSPITAL HUMBERTO J. NOTTI.-,Pacientes internados por todas las causas,4,14,23,13,32,43,60,2,,,,,,,,,,,,,
Mendoza,2024,27,,,HOSPITAL HUMBERTO J. NOTTI.-,Casos de IRAG entre los internados,1,7,8,5,8,1,0,0,,,,,,,,,,,,,
Mendoza,2024,27,,,HOSPITAL HUMBERTO J. NOTTI.-,Casos de IRAG extendida entre los internados,2,2,7,2,0,0,0,0,,,,,,,,,,,,,
Mendoza,2024,27,,,HOSPITAL HUMBERTO J. NOTTI.-,Casos de IRAG con muestra respiratoria,3,9,14,7,8,1,0,0,,,,,,,,,,,,,
Mendoza,2024,27,,,HOSPITAL HUMBERTO J. NOTTI.-,Pacientes ingresados a UCI,2,0,1,1,1,0,0,0,,,,,,,,,,,,,
Mendoza,2024,27,,,HOSPITAL HUMBERTO J. NOTTI.-,Casos de IRAG entre los ingresados a UCI,0,2,0,1,0,0,0,0,,,,,,,,,,,,,
Mendoza,2024,27,,,HOSPITAL HUMBERTO J. NOTTI.-,Casos de IRAG EXTENDIDA entre los ingresados a UCI,2,0,1,0,0,0,0,0,,,,,,,,,,,,,
Mendoza,2024,27,,,HOSPITAL HUMBERTO J. NOTTI.-,Defunciones totales,1,0,0,0,1,0,0,0,,,,,,,,,,,,,
Mendoza,2024,27,,,HOSPITAL HUMBERTO J. NOTTI.-,Defunciones por IRAG,0,0,0,0,0,0,0,0,,,,,,,,,,,,,
Mendoza,2024,27,,,HOSPITAL HUMBERTO J. NOTTI.-,Defunciones por IRAG extendida,0,0,0,0,0,0,0,0,,,,,,,,,,,,,
Mendoza,2024,28,,,HOSPITAL HUMBERTO J. NOTTI.-,Pacientes internados por todas las causas,6,21,23,19,46,30,37,2,,,,,,,,,,,,,
Mendoza,2024,28,,,HOSPITAL HUMBERTO J. NOTTI.-,Casos de IRAG entre los internados,1,5,8,6,13,5,2,0,,,,,,,,,,,,,
Mendoza,2024,28,,,HOSPITAL HUMBERTO J. NOTTI.-,Casos de IRAG extendida entre los internados,4,5,5,4,0,0,0,0,,,,,,,,,,,,,
Mendoza,2024,28,,,HOSPITAL HUMBERTO J. NOTTI.-,Casos de IRAG con muestra respiratoria,5,10,13,10,13,5,2,0,,,,,,,,,,,,,
Mendoza,2024,28,,,HOSPITAL HUMBERTO J. NOTTI.-,Pacientes ingresados a UCI,2,1,3,0,1,0,1,0,,,,,,,,,,,,,
Mendoza,2024,28,,,HOSPITAL HUMBERTO J. NOTTI.-,Casos de IRAG entre los ingresados a UCI,0,0,1,0,0,0,0,0,,,,,,,,,,,,,
Mendoza,2024,28,,,HOSPITAL HUMBERTO J. NOTTI.-,Casos de IRAG EXTENDIDA entre los ingresados a UCI,0,0,1,0,0,0,0,0,,,,,,,,,,,,,
Mendoza,2024,28,,,HOSPITAL HUMBERTO J. NOTTI.-,Defunciones totales,2,0,0,0,0,0,0,0,,,,,,,,,,,,,
Mendoza,2024,28,,,HOSPITAL HUMBERTO J. NOTTI.-,Defunciones por IRAG,0,0,0,0,0,0,0,0,,,,,,,,,,,,,
Mendoza,2024,28,,,HOSPITAL HUMBERTO J. NOTTI.-,Defunciones por IRAG extendida,0,0,0,0,0,0,0,0,,,,,,,,,,,,,
Mendoza,2024,29,,,HOSPITAL HUMBERTO J. NOTTI.-,Pacientes internados por todas las causas,24,16,29,19,50,33,41,0,,,,,,,,,,,,,
Mendoza,2024,29,,,HOSPITAL HUMBERTO J. NOTTI.-,Casos de IRAG entre los internados,1,6,14,9,4,2,2,0,,,,,,,,,,,,,
Mendoza,2024,29,,,HOSPITAL HUMBERTO J. NOTTI.-,Casos de IRAG extendida entre los internados,9,5,8,4,0,0,0,0,,,,,,,,,,,,,
Mendoza,2024,29,,,HOSPITAL HUMBERTO J. NOTTI.-,Casos de IRAG con muestra respiratoria,10,10,22,13,3,2,2,0,,,,,,,,,,,,,
Mendoza,2024,29,,,HOSPITAL HUMBERTO J. NOTTI.-,Pacientes ingresados a UCI,7,2,2,1,2,1,0,0,,,,,,,,,,,,,
Mendoza,2024,29,,,HOSPITAL HUMBERTO J. NOTTI.-,Casos de IRAG entre los ingresados a UCI,0,0,1,0,1,0,0,0,,,,,,,,,,,,,
Mendoza,2024,29,,,HOSPITAL HUMBERTO J. NOTTI.-,Casos de IRAG EXTENDIDA entre los ingresados a UCI,1,1,3,2,0,0,0,0,,,,,,,,,,,,,
Mendoza,2024,29,,,HOSPITAL HUMBERTO J. NOTTI.-,Defunciones totales,0,0,0,0,0,0,1,0,,,,,,,,,,,,,
Mendoza,2024,29,,,HOSPITAL HUMBERTO J. NOTTI.-,Defunciones por IRAG,0,0,0,0,0,0,0,0,,,,,,,,,,,,,
Mendoza,2024,29,,,HOSPITAL HUMBERTO J. NOTTI.-,Defunciones por IRAG extendida,0,0,0,0,0,0,0,0,,,,,,,,,,,,,
Mendoza,2024,30,,,HOSPITAL HUMBERTO J. NOTTI.-,Pacientes internados por todas las causas,16,14,25,18,42,33,39,1,,,,,,,,,,,,,
Mendoza,2024,30,,,HOSPITAL HUMBERTO J. NOTTI.-,Casos de IRAG entre los internados,1,6,8,10,6,3,3,0,,,,,,,,,,,,,
Mendoza,2024,30,,,HOSPITAL HUMBERTO J. NOTTI.-,Casos de IRAG extendida entre los internados,5,4,8,2,0,0,0,0,,,,,,,,,,,,,
Mendoza,2024,30,,,HOSPITAL HUMBERTO J. NOTTI.-,Casos de IRAG con muestra respiratoria,6,10,16,12,6,3,3,0,,,,,,,,,,,,,
Mendoza,2024,30,,,HOSPITAL HUMBERTO J. NOTTI.-,Pacientes ingresados a UCI,7,1,1,0,1,0,1,0,,,,,,,,,,,,,
Mendoza,2024,30,,,HOSPITAL HUMBERTO J. NOTTI.-,Casos de IRAG entre los ingresados a UCI,0,1,1,1,1,0,0,0,,,,,,,,,,,,,
Mendoza,2024,30,,,HOSPITAL HUMBERTO J. NOTTI.-,Casos de IRAG EXTENDIDA entre los ingresados a UCI,2,0,0,0,0,0,0,0,,,,,,,,,,,,,
Mendoza,2024,30,,,HOSPITAL HUMBERTO J. NOTTI.-,Defunciones totales,0,0,0,0,0,0,0,0,,,,,,,,,,,,,
Mendoza,2024,30,,,HOSPITAL HUMBERTO J. NOTTI.-,Defunciones por IRAG,0,0,0,0,0,0,0,0,,,,,,,,,,,,,
Mendoza,2024,30,,,HOSPITAL HUMBERTO J. NOTTI.-,Defunciones por IRAG extendida,0,0,0,0,0,0,0,0,,,,,,,,,,,,,
Mendoza,2024,31,,,HOSPITAL HUMBERTO J. NOTTI.-,Pacientes internados por todas las causas,9,11,12,25,38,41,35,3,,,,,,,,,,,,,
Mendoza,2024,31,,,HOSPITAL HUMBERTO J. NOTTI.-,Casos de IRAG entre los internados,2,4,7,7,11,2,1,0,,,,,,,,,,,,,
Mendoza,2024,31,,,HOSPITAL HUMBERTO J. NOTTI.-,Casos de IRAG extendida entre los internados,1,3,0,0,0,0,0,0,,,,,,,,,,,,,
Mendoza,2024,31,,,HOSPITAL HUMBERTO J. NOTTI.-,Casos de IRAG con muestra respiratoria,3,6,7,7,11,2,1,0,,,,,,,,,,,,,
Mendoza,2024,31,,,HOSPITAL HUMBERTO J. NOTTI.-,Pacientes ingresados a UCI,6,4,0,0,1,0,0,0,,,,,,,,,,,,,
Mendoza,2024,31,,,HOSPITAL HUMBERTO J. NOTTI.-,Casos de IRAG entre los ingresados a UCI,1,1,0,0,1,0,0,0,,,,,,,,,,,,,
Mendoza,2024,31,,,HOSPITAL HUMBERTO J. NOTTI.-,Casos de IRAG EXTENDIDA entre los ingresados a UCI,1,2,0,0,0,0,0,0,,,,,,,,,,,,,
Mendoza,2024,31,,,HOSPITAL HUMBERTO J. NOTTI.-,Defunciones totales,1,0,0,0,0,0,0,0,,,,,,,,,,,,,
Mendoza,2024,31,,,HOSPITAL HUMBERTO J. NOTTI.-,Defunciones por IRAG,0,0,0,0,0,0,0,0,,,,,,,,,,,,,
Mendoza,2024,31,,,HOSPITAL HUMBERTO J. NOTTI.-,Defunciones por IRAG extendida,0,0,0,0,0,0,0,0,,,,,,,,,,,,,
Mendoza,2024,32,,,HOSPITAL HUMBERTO J. NOTTI.-,Pacientes internados por todas las causas,16,13,19,26,38,39,50,1,,,,,,,,,,,,,
Mendoza,2024,32,,,HOSPITAL HUMBERTO J. NOTTI.-,Casos de IRAG entre los internados,2,2,7,7,8,4,0,0,,,,,,,,,,,,,
Mendoza,2024,32,,,HOSPITAL HUMBERTO J. NOTTI.-,Casos de IRAG extendida entre los internados,8,3,1,2,0,0,0,0,,,,,,,,,,,,,
Mendoza,2024,32,,,HOSPITAL HUMBERTO J. NOTTI.-,Casos de IRAG con muestra respiratoria,10,5,8,9,8,4,0,0,,,,,,,,,,,,,
Mendoza,2024,32,,,HOSPITAL HUMBERTO J. NOTTI.-,Pacientes ingresados a UCI,9,1,1,0,2,0,1,0,,,,,,,,,,,,,
Mendoza,2024,32,,,HOSPITAL HUMBERTO J. NOTTI.-,Casos de IRAG entre los ingresados a UCI,1,0,0,1,2,0,0,0,,,,,,,,,,,,,
Mendoza,2024,32,,,HOSPITAL HUMBERTO J. NOTTI.-,Casos de IRAG EXTENDIDA entre los ingresados a UCI,3,0,0,0,0,0,0,0,,,,,,,,,,,,,
Mendoza,2024,32,,,HOSPITAL HUMBERTO J. NOTTI.-,Defunciones totales,0,0,0,0,0,0,0,0,,,,,,,,,,,,,
Mendoza,2024,32,,,HOSPITAL HUMBERTO J. NOTTI.-,Defunciones por IRAG,0,0,0,0,0,0,0,0,,,,,,,,,,,,,
Mendoza,2024,32,,,HOSPITAL HUMBERTO J. NOTTI.-,Defunciones por IRAG extendida,0,0,0,0,0,0,0,0,,,,,,,,,,,,,
Mendoza,2024,33,,,HOSPITAL HUMBERTO J. NOTTI.-,Pacientes internados por todas las causas,18,17,22,17,38,64,50,3,,,,,,,,,,,,,
Mendoza,2024,33,,,HOSPITAL HUMBERTO J. NOTTI.-,Casos de IRAG entre los internados,5,3,9,6,7,8,1,0,,,,,,,,,,,,,
Mendoza,2024,33,,,HOSPITAL HUMBERTO J. NOTTI.-,Casos de IRAG extendida entre los internados,3,4,5,1,0,0,0,0,,,,,,,,,,,,,
Mendoza,2024,33,,,HOSPITAL HUMBERTO J. NOTTI.-,Casos de IRAG con muestra respiratoria,8,7,14,7,7,8,1,0,,,,,,,,,,,,,
Mendoza,2024,33,,,HOSPITAL HUMBERTO J. NOTTI.-,Pacientes ingresados a UCI,7,2,0,2,0,0,1,0,,,,,,,,,,,,,
Mendoza,2024,33,,,HOSPITAL HUMBERTO J. NOTTI.-,Casos de IRAG entre los ingresados a UCI,1,0,1,0,0,0,1,0,,,,,,,,,,,,,
Mendoza,2024,33,,,HOSPITAL HUMBERTO J. NOTTI.-,Casos de IRAG EXTENDIDA entre los ingresados a UCI,1,2,0,0,0,0,0,0,,,,,,,,,,,,,
Mendoza,2024,33,,,HOSPITAL HUMBERTO J. NOTTI.-,Defunciones totales,1,1,0,0,0,0,1,0,,,,,,,,,,,,,
Mendoza,2024,33,,,HOSPITAL HUMBERTO J. NOTTI.-,Defunciones por IRAG,0,0,0,0,0,0,0,0,,,,,,,,,,,,,
Mendoza,2024,33,,,HOSPITAL HUMBERTO J. NOTTI.-,Defunciones por IRAG extendida,0,0,0,0,0,0,0,0,,,,,,,,,,,,,
Mendoza,2024,34,,,HOSPITAL HUMBERTO J. NOTTI.-,Pacientes internados por todas las causas,21,20,33,29,49,72,50,4,,,,,,,,,,,,,
Mendoza,2024,34,,,HOSPITAL HUMBERTO J. NOTTI.-,Casos de IRAG entre los internados,2,4,8,12,13,5,1,0,,,,,,,,,,,,,
Mendoza,2024,34,,,HOSPITAL HUMBERTO J. NOTTI.-,Casos de IRAG extendida entre los internados,5,10,8,0,0,0,0,0,,,,,,,,,,,,,
Mendoza,2024,34,,,HOSPITAL HUMBERTO J. NOTTI.-,Casos de IRAG con muestra respiratoria,7,14,16,12,13,5,1,0,,,,,,,,,,,,,
Mendoza,2024,34,,,HOSPITAL HUMBERTO J. NOTTI.-,Pacientes ingresados a UCI,9,1,0,0,0,1,1,0,,,,,,,,,,,,,
Mendoza,2024,34,,,HOSPITAL HUMBERTO J. NOTTI.-,Casos de IRAG entre los ingresados a UCI,0,1,0,1,2,1,0,0,,,,,,,,,,,,,
Mendoza,2024,34,,,HOSPITAL HUMBERTO J. NOTTI.-,Casos de IRAG EXTENDIDA entre los ingresados a UCI,2,0,0,0,0,0,0,0,,,,,,,,,,,,,
Mendoza,2024,34,,,HOSPITAL HUMBERTO J. NOTTI.-,Defunciones totales,1,0,0,0,0,0,0,0,,,,,,,,,,,,,
Mendoza,2024,34,,,HOSPITAL HUMBERTO J. NOTTI.-,Defunciones por IRAG,0,0,0,0,0,0,0,0,,,,,,,,,,,,,
Mendoza,2024,34,,,HOSPITAL HUMBERTO J. NOTTI.-,Defunciones por IRAG extendida,0,0,0,0,0,0,0,0,,,,,,,,,,,,,
Mendoza,2024,35,,,HOSPITAL HUMBERTO J. NOTTI.-,Pacientes internados por todas las causas,13,17,21,25,43,65,56,3,,,,,,,,,,,,,
Mendoza,2024,35,,,HOSPITAL HUMBERTO J. NOTTI.-,Casos de IRAG entre los internados,4,0,3,8,11,6,0,0,,,,,,,,,,,,,
Mendoza,2024,35,,,HOSPITAL HUMBERTO J. NOTTI.-,Casos de IRAG extendida entre los internados,9,6,3,4,0,0,0,0,,,,,,,,,,,,,
Mendoza,2024,35,,,HOSPITAL HUMBERTO J. NOTTI.-,Casos de IRAG con muestra respiratoria,4,0,3,8,11,6,0,0,,,,,,,,,,,,,
Mendoza,2024,35,,,HOSPITAL HUMBERTO J. NOTTI.-,Pacientes ingresados a UCI,8,1,2,1,0,1,0,0,,,,,,,,,,,,,
Mendoza,2024,35,,,HOSPITAL HUMBERTO J. NOTTI.-,Casos de IRAG entre los ingresados a UCI,0,0,0,0,0,0,0,0,,,,,,,,,,,,,
Mendoza,2024,35,,,HOSPITAL HUMBERTO J. NOTTI.-,Casos de IRAG EXTENDIDA entre los ingresados a UCI,3,1,1,0,0,0,0,0,,,,,,,,,,,,,
Mendoza,2024,35,,,HOSPITAL HUMBERTO J. NOTTI.-,Defunciones totales,1,0,0,0,0,1,0,0,,,,,,,,,,,,,
Mendoza,2024,35,,,HOSPITAL HUMBERTO J. NOTTI.-,Defunciones por IRAG,0,0,0,0,0,0,0,0,,,,,,,,,,,,,
Mendoza,2024,35,,,HOSPITAL HUMBERTO J. NOTTI.-,Defunciones por IRAG extendida,0,0,0,0,0,0,0,0,,,,,,,,,,,,,
Mendoza,2024,36,,,HOSPITAL HUMBERTO J. NOTTI.-,Pacientes internados por todas las causas,10,14,23,37,62,75,83,6,,,,,,,,,,,,,
Mendoza,2024,36,,,HOSPITAL HUMBERTO J. NOTTI.-,Casos de IRAG entre los internados,3,3,5,7,9,7,0,0,,,,,,,,,,,,,
Mendoza,2024,36,,,HOSPITAL HUMBERTO J. NOTTI.-,Casos de IRAG extendida entre los internados,6,1,2,0,0,0,0,0,,,,,,,,,,,,,
Mendoza,2024,36,,,HOSPITAL HUMBERTO J. NOTTI.-,Casos de IRAG con muestra respiratoria,3,3,5,7,9,7,0,0,,,,,,,,,,,,,
Mendoza,2024,36,,,HOSPITAL HUMBERTO J. NOTTI.-,Pacientes ingresados a UCI,6,0,4,1,0,0,0,0,,,,,,,,,,,,,
Mendoza,2024,36,,,HOSPITAL HUMBERTO J. NOTTI.-,Casos de IRAG entre los ingresados a UCI,1,0,1,1,0,2,0,0,,,,,,,,,,,,,
Mendoza,2024,36,,,HOSPITAL HUMBERTO J. NOTTI.-,Casos de IRAG EXTENDIDA entre los ingresados a UCI,1,1,0,0,0,0,0,0,,,,,,,,,,,,,
Mendoza,2024,36,,,HOSPITAL HUMBERTO J. NOTTI.-,Defunciones totales,3,0,0,0,0,0,0,0,,,,,,,,,,,,,
Mendoza,2024,36,,,HOSPITAL HUMBERTO J. NOTTI.-,Defunciones por IRAG,0,0,0,0,0,0,0,0,,,,,,,,,,,,,
Mendoza,2024,36,,,HOSPITAL HUMBERTO J. NOTTI.-,Defunciones por IRAG extendida,0,0,0,0,0,0,0,0,,,,,,,,,,,,,
Mendoza,2024,37,,,HOSPITAL HUMBERTO J. NOTTI.-,Pacientes internados por todas las causas,18,17,31,31,70,80,62,5,,,,,,,,,,,,,
Mendoza,2024,37,,,HOSPITAL HUMBERTO J. NOTTI.-,Casos de IRAG entre los internados,3,1,10,10,6,8,2,0,,,,,,,,,,,,,
Mendoza,2024,37,,,HOSPITAL HUMBERTO J. NOTTI.-,Casos de IRAG extendida entre los internados,4,4,3,4,0,0,0,0,,,,,,,,,,,,,
Mendoza,2024,37,,,HOSPITAL HUMBERTO J. NOTTI.-,Casos de IRAG con muestra respiratoria,3,1,10,10,6,8,2,0,,,,,,,,,,,,,
Mendoza,2024,37,,,HOSPITAL HUMBERTO J. NOTTI.-,Pacientes ingresados a UCI,8,3,0,1,3,1,1,0,,,,,,,,,,,,,
Mendoza,2024,37,,,HOSPITAL HUMBERTO J. NOTTI.-,Casos de IRAG entre los ingresados a UCI,0,0,2,1,1,3,0,0,,,,,,,,,,,,,
Mendoza,2024,37,,,HOSPITAL HUMBERTO J. NOTTI.-,Casos de IRAG EXTENDIDA entre los ingresados a UCI,1,0,0,1,0,0,0,0,,,,,,,,,,,,,
Mendoza,2024,37,,,HOSPITAL HUMBERTO J. NOTTI.-,Defunciones totales,1,0,0,0,1,0,0,0,,,,,,,,,,,,,
Mendoza,2024,37,,,HOSPITAL HUMBERTO J. NOTTI.-,Defunciones por IRAG,0,0,0,0,0,0,0,0,,,,,,,,,,,,,
Mendoza,2024,37,,,HOSPITAL HUMBERTO J. NOTTI.-,Defunciones por IRAG extendida,0,0,0,0,0,0,0,0,,,,,,,,,,,,,
Mendoza,2024,38,,,HOSPITAL HUMBERTO J. NOTTI.-,Pacientes internados por todas las causas,13,14,9,22,51,80,54,2,,,,,,,,,,,,,
Mendoza,2024,38,,,HOSPITAL HUMBERTO J. NOTTI.-,Casos de IRAG entre los internados,0,3,3,6,7,5,0,1,,,,,,,,,,,,,
Mendoza,2024,38,,,HOSPITAL HUMBERTO J. NOTTI.-,Casos de IRAG extendida entre los internados,3,2,0,0,0,0,0,0,,,,,,,,,,,,,
Mendoza,2024,38,,,HOSPITAL HUMBERTO J. NOTTI.-,Casos de IRAG con muestra respiratoria,0,3,3,6,7,5,0,1,,,,,,,,,,,,,
Mendoza,2024,38,,,HOSPITAL HUMBERTO J. NOTTI.-,Pacientes ingresados a UCI,6,1,0,1,2,1,0,0,,,,,,,,,,,,,
Mendoza,2024,38,,,HOSPITAL HUMBERTO J. NOTTI.-,Casos de IRAG entre los ingresados a UCI,0,0,0,0,1,0,0,0,,,,,,,,,,,,,
Mendoza,2024,38,,,HOSPITAL HUMBERTO J. NOTTI.-,Casos de IRAG EXTENDIDA entre los ingresados a UCI,0,0,0,0,0,0,0,0,,,,,,,,,,,,,
Mendoza,2024,38,,,HOSPITAL HUMBERTO J. NOTTI.-,Defunciones totales,1,0,0,0,0,0,0,0,,,,,,,,,,,,,
Mendoza,2024,38,,,HOSPITAL HUMBERTO J. NOTTI.-,Defunciones por IRAG,0,0,0,0,0,0,0,0,,,,,,,,,,,,,
Mendoza,2024,38,,,HOSPITAL HUMBERTO J. NOTTI.-,Defunciones por IRAG extendida,0,0,0,0,0,0,0,0,,,,,,,,,,,,,
Mendoza,2024,39,,,HOSPITAL HUMBERTO J. NOTTI.-,Pacientes internados por todas las causas,13,14,9,22,51,80,54,2,,,,,,,,,,,,,
Mendoza,2024,39,,,HOSPITAL HUMBERTO J. NOTTI.-,Casos de IRAG entre los internados,2,1,5,0,4,4,1,0,,,,,,,,,,,,,
Mendoza,2024,39,,,HOSPITAL HUMBERTO J. NOTTI.-,Casos de IRAG extendida entre los internados,1,5,5,2,0,0,0,0,,,,,,,,,,,,,
Mendoza,2024,39,,,HOSPITAL HUMBERTO J. NOTTI.-,Casos de IRAG con muestra respiratoria,2,1,5,0,4,4,1,0,,,,,,,,,,,,,
Mendoza,2024,39,,,HOSPITAL HUMBERTO J. NOTTI.-,Pacientes ingresados a UCI,6,1,0,1,2,1,0,0,,,,,,,,,,,,,
Mendoza,2024,39,,,HOSPITAL HUMBERTO J. NOTTI.-,Casos de IRAG entre los ingresados a UCI,0,0,0,0,0,1,0,0,,,,,,,,,,,,,
Mendoza,2024,39,,,HOSPITAL HUMBERTO J. NOTTI.-,Casos de IRAG EXTENDIDA entre los ingresados a UCI,0,0,2,0,0,0,0,0,,,,,,,,,,,,,
Mendoza,2024,39,,,HOSPITAL HUMBERTO J. NOTTI.-,Defunciones totales,0,0,0,0,0,0,0,0,,,,,,,,,,,,,
Mendoza,2024,39,,,HOSPITAL HUMBERTO J. NOTTI.-,Defunciones por IRAG,0,0,0,0,0,0,0,0,,,,,,,,,,,,,
Mendoza,2024,39,,,HOSPITAL HUMBERTO J. NOTTI.-,Defunciones por IRAG extendida,0,0,0,0,0,0,0,0,,,,,,,,,,,,,
Mendoza,2024,40,,,HOSPITAL HUMBERTO J. NOTTI.-,Pacientes internados por todas las causas,13,8,23,16,34,56,44,3,,,,,,,,,,,,,
Mendoza,2024,40,,,HOSPITAL HUMBERTO J. NOTTI.-,Casos de IRAG entre los internados,0,2,7,2,9,6,2,0,,,,,,,,,,,,,
Mendoza,2024,40,,,HOSPITAL HUMBERTO J. NOTTI.-,Casos de IRAG extendida entre los internados,3,3,2,0,0,0,0,0,,,,,,,,,,,,,
Mendoza,2024,40,,,HOSPITAL HUMBERTO J. NOTTI.-,Casos de IRAG con muestra respiratoria,0,2,7,2,9,6,2,0,,,,,,,,,,,,,
Mendoza,2024,40,,,HOSPITAL HUMBERTO J. NOTTI.-,Pacientes ingresados a UCI,8,0,4,0,0,0,2,0,,,,,,,,,,,,,
Mendoza,2024,40,,,HOSPITAL HUMBERTO J. NOTTI.-,Casos de IRAG entre los ingresados a UCI,0,0,3,0,0,0,0,0,,,,,,,,,,,,,
Mendoza,2024,40,,,HOSPITAL HUMBERTO J. NOTTI.-,Casos de IRAG EXTENDIDA entre los ingresados a UCI,1,1,1,0,0,0,0,0,,,,,,,,,,,,,
Mendoza,2024,40,,,HOSPITAL HUMBERTO J. NOTTI.-,Defunciones totales,0,0,0,0,0,0,0,0,,,,,,,,,,,,,
Mendoza,2024,40,,,HOSPITAL HUMBERTO J. NOTTI.-,Defunciones por IRAG,0,0,0,0,0,0,0,0,,,,,,,,,,,,,
Mendoza,2024,40,,,HOSPITAL HUMBERTO J. NOTTI.-,Defunciones por IRAG extendida,0,0,0,0,0,0,0,0,,,,,,,,,,,,,
Mendoza,2024,41,,,HOSPITAL HUMBERTO J. NOTTI.-,Pacientes internados por todas las causas,8,11,10,24,53,72,83,14,,,,,,,,,,,,,
Mendoza,2024,41,,,HOSPITAL HUMBERTO J. NOTTI.-,Casos de IRAG entre los internados,2,1,0,3,6,2,0,0,,,,,,,,,,,,,
Mendoza,2024,41,,,HOSPITAL HUMBERTO J. NOTTI.-,Casos de IRAG extendida entre los internados,1,3,2,1,0,0,0,0,,,,,,,,,,,,,
Mendoza,2024,41,,,HOSPITAL HUMBERTO J. NOTTI.-,Casos de IRAG con muestra respiratoria,2,1,0,3,6,2,0,0,,,,,,,,,,,,,
Mendoza,2024,41,,,HOSPITAL HUMBERTO J. NOTTI.-,Pacientes ingresados a UCI,4,1,0,0,0,1,0,0,,,,,,,,,,,,,
Mendoza,2024,41,,,HOSPITAL HUMBERTO J. NOTTI.-,Casos de IRAG entre los ingresados a UCI,1,0,0,0,0,0,0,0,,,,,,,,,,,,,
Mendoza,2024,41,,,HOSPITAL HUMBERTO J. NOTTI.-,Casos de IRAG EXTENDIDA entre los ingresados a UCI,0,0,0,0,0,0,0,0,,,,,,,,,,,,,
Mendoza,2024,41,,,HOSPITAL HUMBERTO J. NOTTI.-,Defunciones totales,0,0,0,0,0,1,1,0,,,,,,,,,,,,,
Mendoza,2024,41,,,HOSPITAL HUMBERTO J. NOTTI.-,Defunciones por IRAG,0,0,0,0,0,0,0,0,,,,,,,,,,,,,
Mendoza,2024,41,,,HOSPITAL HUMBERTO J. NOTTI.-,Defunciones por IRAG extendida,0,0,0,0,0,0,0,0,,,,,,,,,,,,,
Mendoza,2024,42,,,HOSPITAL HUMBERTO J. NOTTI.-,Pacientes internados por todas las causas,8,10,9,19,42,57,59,1,,,,,,,,,,,,,
Mendoza,2024,42,,,HOSPITAL HUMBERTO J. NOTTI.-,Casos de IRAG entre los internados,2,1,3,3,3,4,2,0,,,,,,,,,,,,,
Mendoza,2024,42,,,HOSPITAL HUMBERTO J. NOTTI.-,Casos de IRAG extendida entre los internados,0,0,1,0,0,0,0,0,,,,,,,,,,,,,
Mendoza,2024,42,,,HOSPITAL HUMBERTO J. NOTTI.-,Casos de IRAG con muestra respiratoria,2,0,3,3,3,4,2,0,,,,,,,,,,,,,
Mendoza,2024,42,,,HOSPITAL HUMBERTO J. NOTTI.-,Pacientes ingresados a UCI,6,0,0,0,1,1,1,0,,,,,,,,,,,,,
Mendoza,2024,42,,,HOSPITAL HUMBERTO J. NOTTI.-,Casos de IRAG entre los ingresados a UCI,1,0,0,0,0,0,0,0,,,,,,,,,,,,,
Mendoza,2024,42,,,HOSPITAL HUMBERTO J. NOTTI.-,Casos de IRAG EXTENDIDA entre los ingresados a UCI,0,0,0,0,0,0,0,0,,,,,,,,,,,,,
Mendoza,2024,42,,,HOSPITAL HUMBERTO J. NOTTI.-,Defunciones totales,0,0,0,0,0,0,1,0,,,,,,,,,,,,,
Mendoza,2024,42,,,HOSPITAL HUMBERTO J. NOTTI.-,Defunciones por IRAG,0,0,0,0,0,0,0,0,,,,,,,,,,,,,
Mendoza,2024,42,,,HOSPITAL HUMBERTO J. NOTTI.-,Defunciones por IRAG extendida,0,0,0,0,0,0,0,0,,,,,,,,,,,,,
Mendoza,2024,43,,,HOSPITAL HUMBERTO J. NOTTI.-,Pacientes internados por todas las causas,9,11,16,16,39,73,58,3,,,,,,,,,,,,,
Mendoza,2024,43,,,HOSPITAL HUMBERTO J. NOTTI.-,Casos de IRAG entre los internados,1,1,2,3,3,3,1,0,,,,,,,,,,,,,
Mendoza,2024,43,,,HOSPITAL HUMBERTO J. NOTTI.-,Casos de IRAG extendida entre los internados,1,1,0,0,0,0,0,0,,,,,,,,,,,,,
Mendoza,2024,43,,,HOSPITAL HUMBERTO J. NOTTI.-,Casos de IRAG con muestra respiratoria,1,2,2,3,3,3,1,0,,,,,,,,,,,,,
Mendoza,2024,43,,,HOSPITAL HUMBERTO J. NOTTI.-,Pacientes ingresados a UCI,5,1,0,0,0,2,0,0,,,,,,,,,,,,,
Mendoza,2024,43,,,HOSPITAL HUMBERTO J. NOTTI.-,Casos de IRAG entre los ingresados a UCI,1,0,0,0,0,1,0,0,,,,,,,,,,,,,
Mendoza,2024,43,,,HOSPITAL HUMBERTO J. NOTTI.-,Casos de IRAG EXTENDIDA entre los ingresados a UCI,0,0,0,0,0,0,0,0,,,,,,,,,,,,,
Mendoza,2024,43,,,HOSPITAL HUMBERTO J. NOTTI.-,Defunciones totales,0,0,0,1,0,0,0,0,,,,,,,,,,,,,
Mendoza,2024,43,,,HOSPITAL HUMBERTO J. NOTTI.-,Defunciones por IRAG,0,0,0,0,0,0,0,0,,,,,,,,,,,,,
Mendoza,2024,43,,,HOSPITAL HUMBERTO J. NOTTI.-,Defunciones por IRAG extendida,0,0,0,0,0,0,0,0,,,,,,,,,,,,,
Mendoza,2024,44,,,HOSPITAL HUMBERTO J. NOTTI.-,Pacientes internados por todas las causas,11,10,16,18,56,70,56,3,,,,,,,,,,,,,
Mendoza,2024,44,,,HOSPITAL HUMBERTO J. NOTTI.-,Casos de IRAG entre los internados,0,2,3,3,8,0,1,0,,,,,,,,,,,,,
Mendoza,2024,44,,,HOSPITAL HUMBERTO J. NOTTI.-,Casos de IRAG extendida entre los internados,0,1,3,0,0,0,0,0,,,,,,,,,,,,,
Mendoza,2024,44,,,HOSPITAL HUMBERTO J. NOTTI.-,Casos de IRAG con muestra respiratoria,0,2,4,3,8,0,1,0,,,,,,,,,,,,,
Mendoza,2024,44,,,HOSPITAL HUMBERTO J. NOTTI.-,Pacientes ingresados a UCI,4,0,0,1,0,2,1,0,,,,,,,,,,,,,
Mendoza,2024,44,,,HOSPITAL HUMBERTO J. NOTTI.-,Casos de IRAG entre los ingresados a UCI,0,1,0,1,0,0,0,0,,,,,,,,,,,,,
Mendoza,2024,44,,,HOSPITAL HUMBERTO J. NOTTI.-,Casos de IRAG EXTENDIDA entre los ingresados a UCI,0,0,0,0,0,0,0,0,,,,,,,,,,,,,
Mendoza,2024,44,,,HOSPITAL HUMBERTO J. NOTTI.-,Defunciones totales,0,0,0,0,0,0,0,0,,,,,,,,,,,,,
Mendoza,2024,44,,,HOSPITAL HUMBERTO J. NOTTI.-,Defunciones por IRAG,0,0,0,0,0,0,0,0,,,,,,,,,,,,,
Mendoza,2024,44,,,HOSPITAL HUMBERTO J. NOTTI.-,Defunciones por IRAG extendida,0,0,0,0,0,0,0,0,,,,,,,,,,,,,
Mendoza,2024,45,,,HOSPITAL HUMBERTO J. NOTTI.-,Pacientes internados por todas las causas,16,6,20,18,42,57,47,4,,,,,,,,,,,,,
Mendoza,2024,45,,,HOSPITAL HUMBERTO J. NOTTI.-,Casos de IRAG entre los internados,1,2,1,3,3,3,3,0,,,,,,,,,,,,,
Mendoza,2024,45,,,HOSPITAL HUMBERTO J. NOTTI.-,Casos de IRAG extendida entre los internados,1,2,2,0,0,0,0,0,,,,,,,,,,,,,
Mendoza,2024,45,,,HOSPITAL HUMBERTO J. NOTTI.-,Casos de IRAG con muestra respiratoria,1,2,1,3,3,3,3,0,,,,,,,,,,,,,
Mendoza,2024,45,,,HOSPITAL HUMBERTO J. NOTTI.-,Pacientes ingresados a UCI,9,0,1,0,3,0,0,0,,,,,,,,,,,,,
Mendoza,2024,45,,,HOSPITAL HUMBERTO J. NOTTI.-,Casos de IRAG entre los ingresados a UCI,0,2,0,0,0,0,1,0,,,,,,,,,,,,,
Mendoza,2024,45,,,HOSPITAL HUMBERTO J. NOTTI.-,Casos de IRAG EXTENDIDA entre los ingresados a UCI,0,0,0,0,0,0,0,0,,,,,,,,,,,,,
Mendoza,2024,45,,,HOSPITAL HUMBERTO J. NOTTI.-,Defunciones totales,2,0,0,0,0,0,0,0,,,,,,,,,,,,,
Mendoza,2024,45,,,HOSPITAL HUMBERTO J. NOTTI.-,Defunciones por IRAG,0,0,0,0,0,0,0,0,,,,,,,,,,,,,
Mendoza,2024,45,,,HOSPITAL HUMBERTO J. NOTTI.-,Defunciones por IRAG extendida,0,0,0,0,0,0,0,0,,,,,,,,,,,,,
Mendoza,2024,46,,,HOSPITAL HUMBERTO J. NOTTI.-,Pacientes internados por todas las causas,16,6,20,18,42,57,47,4,,,,,,,,,,,,,
Mendoza,2024,46,,,HOSPITAL HUMBERTO J. NOTTI.-,Casos de IRAG entre los internados,1,1,1,2,1,4,1,0,,,,,,,,,,,,,
Mendoza,2024,46,,,HOSPITAL HUMBERTO J. NOTTI.-,Casos de IRAG extendida entre los internados,0,0,2,1,0,0,0,0,,,,,,,,,,,,,
Mendoza,2024,46,,,HOSPITAL HUMBERTO J. NOTTI.-,Casos de IRAG con muestra respiratoria,1,1,1,2,1,4,1,0,,,,,,,,,,,,,
Mendoza,2024,46,,,HOSPITAL HUMBERTO J. NOTTI.-,Pacientes ingresados a UCI,9,0,1,0,3,0,0,0,,,,,,,,,,,,,
Mendoza,2024,46,,,HOSPITAL HUMBERTO J. NOTTI.-,Casos de IRAG entre los ingresados a UCI,1,0,0,0,0,0,0,0,,,,,,,,,,,,,
Mendoza,2024,46,,,HOSPITAL HUMBERTO J. NOTTI.-,Casos de IRAG EXTENDIDA entre los ingresados a UCI,0,0,0,0,0,0,0,0,,,,,,,,,,,,,
Mendoza,2024,46,,,HOSPITAL HUMBERTO J. NOTTI.-,Defunciones totales,0,1,0,0,0,0,0,0,,,,,,,,,,,,,
Mendoza,2024,46,,,HOSPITAL HUMBERTO J. NOTTI.-,Defunciones por IRAG,0,0,0,0,0,0,0,0,,,,,,,,,,,,,
Mendoza,2024,46,,,HOSPITAL HUMBERTO J. NOTTI.-,Defunciones por IRAG extendida,0,0,0,0,0,0,0,0,,,,,,,,,,,,,
Mendoza,2024,47,,,HOSPITAL HUMBERTO J. NOTTI.-,Pacientes internados por todas las causas,11,9,8,13,35,56,56,1,,,,,,,,,,,,,
Mendoza,2024,47,,,HOSPITAL HUMBERTO J. NOTTI.-,Casos de IRAG entre los internados,0,0,2,2,2,4,3,0,,,,,,,,,,,,,
Mendoza,2024,47,,,HOSPITAL HUMBERTO J. NOTTI.-,Casos de IRAG extendida entre los internados,1,0,1,1,0,0,0,0,,,,,,,,,,,,,
Mendoza,2024,47,,,HOSPITAL HUMBERTO J. NOTTI.-,Casos de IRAG con muestra respiratoria,0,0,2,2,2,4,3,0,,,,,,,,,,,,,
Mendoza,2024,47,,,HOSPITAL HUMBERTO J. NOTTI.-,Pacientes ingresados a UCI,7,0,0,0,0,1,1,0,,,,,,,,,,,,,
Mendoza,2024,47,,,HOSPITAL HUMBERTO J. NOTTI.-,Casos de IRAG entre los ingresados a UCI,0,0,0,0,1,0,1,0,,,,,,,,,,,,,
Mendoza,2024,47,,,HOSPITAL HUMBERTO J. NOTTI.-,Casos de IRAG EXTENDIDA entre los ingresados a UCI,0,0,0,0,0,0,0,0,,,,,,,,,,,,,
Mendoza,2024,47,,,HOSPITAL HUMBERTO J. NOTTI.-,Defunciones totales,1,1,0,0,0,0,0,0,,,,,,,,,,,,,
Mendoza,2024,47,,,HOSPITAL HUMBERTO J. NOTTI.-,Defunciones por IRAG,0,0,0,0,0,0,0,0,,,,,,,,,,,,,
Mendoza,2024,47,,,HOSPITAL HUMBERTO J. NOTTI.-,Defunciones por IRAG extendida,0,0,0,0,0,0,0,0,,,,,,,,,,,,,
Mendoza,2024,48,,,HOSPITAL HUMBERTO J. NOTTI.-,Pacientes internados por todas las causas,9,12,13,16,39,66,52,4,,,,,,,,,,,,,
Mendoza,2024,48,,,HOSPITAL HUMBERTO J. NOTTI.-,Casos de IRAG entre los internados,0,0,0,2,1,9,3,0,,,,,,,,,,,,,
Mendoza,2024,48,,,HOSPITAL HUMBERTO J. NOTTI.-,Casos de IRAG extendida entre los internados,0,1,0,0,0,0,0,0,,,,,,,,,,,,,
Mendoza,2024,48,,,HOSPITAL HUMBERTO J. NOTTI.-,Casos de IRAG con muestra respiratoria,0,0,0,2,1,9,3,0,,,,,,,,,,,,,
Mendoza,2024,48,,,HOSPITAL HUMBERTO J. NOTTI.-,Pacientes ingresados a UCI,7,0,0,0,0,0,0,0,,,,,,,,,,,,,
Mendoza,2024,48,,,HOSPITAL HUMBERTO J. NOTTI.-,Casos de IRAG entre los ingresados a UCI,0,0,0,0,0,1,0,0,,,,,,,,,,,,,
Mendoza,2024,48,,,HOSPITAL HUMBERTO J. NOTTI.-,Casos de IRAG EXTENDIDA entre los ingresados a UCI,0,0,0,0,0,0,0,0,,,,,,,,,,,,,
Mendoza,2024,48,,,HOSPITAL HUMBERTO J. NOTTI.-,Defunciones totales,0,0,0,0,1,1,0,0,,,,,,,,,,,,,
Mendoza,2024,48,,,HOSPITAL HUMBERTO J. NOTTI.-,Defunciones por IRAG,0,0,0,0,0,1,0,0,,,,,,,,,,,,,
Mendoza,2024,48,,,HOSPITAL HUMBERTO J. NOTTI.-,Defunciones por IRAG extendida,0,0,0,0,0,0,0,0,,,,,,,,,,,,,
Mendoza,2024,49,,,HOSPITAL HUMBERTO J. NOTTI.-,Pacientes internados por todas las causas,10,5,13,30,48,67,63,3,,,,,,,,,,,,,
Mendoza,2024,49,,,HOSPITAL HUMBERTO J. NOTTI.-,Casos de IRAG entre los internados,0,0,2,0,3,1,0,0,,,,,,,,,,,,,
Mendoza,2024,49,,,HOSPITAL HUMBERTO J. NOTTI.-,Casos de IRAG extendida entre los internados,0,1,1,2,0,0,0,0,,,,,,,,,,,,,
Mendoza,2024,49,,,HOSPITAL HUMBERTO J. NOTTI.-,Casos de IRAG con muestra respiratoria,0,0,2,0,3,1,0,0,,,,,,,,,,,,,
Mendoza,2024,49,,,HOSPITAL HUMBERTO J. NOTTI.-,Pacientes ingresados a UCI,5,0,0,1,0,0,1,0,,,,,,,,,,,,,
Mendoza,2024,49,,,HOSPITAL HUMBERTO J. NOTTI.-,Casos de IRAG entre los ingresados a UCI,0,0,0,0,0,0,0,0,,,,,,,,,,,,,
Mendoza,2024,49,,,HOSPITAL HUMBERTO J. NOTTI.-,Casos de IRAG EXTENDIDA entre los ingresados a UCI,0,0,0,0,0,0,0,0,,,,,,,,,,,,,
Mendoza,2024,49,,,HOSPITAL HUMBERTO J. NOTTI.-,Defunciones totales,0,0,0,0,0,0,1,0,,,,,,,,,,,,,
Mendoza,2024,49,,,HOSPITAL HUMBERTO J. NOTTI.-,Defunciones por IRAG,0,0,0,0,0,0,0,0,,,,,,,,,,,,,
Mendoza,2024,49,,,HOSPITAL HUMBERTO J. NOTTI.-,Defunciones por IRAG extendida,0,0,0,0,0,0,0,0,,,,,,,,,,,,,
Mendoza,2024,50,,,HOSPITAL HUMBERTO J. NOTTI.-,Pacientes internados por todas las causas,10,5,13,30,48,67,63,3,,,,,,,,,,,,,
Mendoza,2024,50,,,HOSPITAL HUMBERTO J. NOTTI.-,Casos de IRAG entre los internados,1,0,1,1,1,3,0,0,,,,,,,,,,,,,
Mendoza,2024,50,,,HOSPITAL HUMBERTO J. NOTTI.-,Casos de IRAG extendida entre los internados,0,3,2,0,0,0,0,0,,,,,,,,,,,,,
Mendoza,2024,50,,,HOSPITAL HUMBERTO J. NOTTI.-,Casos de IRAG con muestra respiratoria,1,0,1,1,1,3,0,0,,,,,,,,,,,,,
Mendoza,2024,50,,,HOSPITAL HUMBERTO J. NOTTI.-,Pacientes ingresados a UCI,5,0,0,1,0,0,1,0,,,,,,,,,,,,,
Mendoza,2024,50,,,HOSPITAL HUMBERTO J. NOTTI.-,Casos de IRAG entre los ingresados a UCI,1,0,0,0,0,0,0,0,,,,,,,,,,,,,
Mendoza,2024,50,,,HOSPITAL HUMBERTO J. NOTTI.-,Casos de IRAG EXTENDIDA entre los ingresados a UCI,0,0,0,0,0,0,0,0,,,,,,,,,,,,,
Mendoza,2024,50,,,HOSPITAL HUMBERTO J. NOTTI.-,Defunciones totales,0,0,0,0,0,0,0,0,,,,,,,,,,,,,
Mendoza,2024,50,,,HOSPITAL HUMBERTO J. NOTTI.-,Defunciones por IRAG,0,0,0,0,0,0,0,0,,,,,,,,,,,,,
Mendoza,2024,50,,,HOSPITAL HUMBERTO J. NOTTI.-,Defunciones por IRAG extendida,0,0,0,0,0,0,0,0,,,,,,,,,,,,,
Mendoza,2024,51,,,HOSPITAL HUMBERTO J. NOTTI.-,Pacientes internados por todas las causas,9,3,11,14,46,52,51,0,,,,,,,,,,,,,
Mendoza,2024,51,,,HOSPITAL HUMBERTO J. NOTTI.-,Casos de IRAG entre los internados,0,1,0,1,3,1,2,0,,,,,,,,,,,,,
Mendoza,2024,51,,,HOSPITAL HUMBERTO J. NOTTI.-,Casos de IRAG extendida entre los internados,0,1,1,2,0,0,0,0,,,,,,,,,,,,,
Mendoza,2024,51,,,HOSPITAL HUMBERTO J. NOTTI.-,Casos de IRAG con muestra respiratoria,0,1,0,1,3,1,2,0,,,,,,,,,,,,,
Mendoza,2024,51,,,HOSPITAL HUMBERTO J. NOTTI.-,Pacientes ingresados a UCI,3,0,0,0,2,0,1,0,,,,,,,,,,,,,
Mendoza,2024,51,,,HOSPITAL HUMBERTO J. NOTTI.-,Casos de IRAG entre los ingresados a UCI,0,0,0,0,0,0,0,0,,,,,,,,,,,,,
Mendoza,2024,51,,,HOSPITAL HUMBERTO J. NOTTI.-,Casos de IRAG EXTENDIDA entre los ingresados a UCI,0,0,0,0,0,0,0,0,,,,,,,,,,,,,
Mendoza,2024,51,,,HOSPITAL HUMBERTO J. NOTTI.-,Defunciones totales,0,0,0,0,0,0,0,0,,,,,,,,,,,,,
Mendoza,2024,51,,,HOSPITAL HUMBERTO J. NOTTI.-,Defunciones por IRAG,0,0,0,0,0,0,0,0,,,,,,,,,,,,,
Mendoza,2024,51,,,HOSPITAL HUMBERTO J. NOTTI.-,Defunciones por IRAG extendida,0,0,0,0,0,0,0,0,,,,,,,,,,,,,
Mendoza,2024,52,,,HOSPITAL HUMBERTO J. NOTTI.-,Pacientes internados por todas las causas,11,7,6,12,38,44,32,0,,,,,,,,,,,,,
Mendoza,2024,52,,,HOSPITAL HUMBERTO J. NOTTI.-,Casos de IRAG entre los internados,1,0,0,0,1,0,1,0,,,,,,,,,,,,,
Mendoza,2024,52,,,HOSPITAL HUMBERTO J. NOTTI.-,Casos de IRAG extendida entre los internados,0,0,0,0,0,0,0,0,,,,,,,,,,,,,
Mendoza,2024,52,,,HOSPITAL HUMBERTO J. NOTTI.-,Casos de IRAG con muestra respiratoria,1,0,0,0,1,0,1,0,,,,,,,,,,,,,
Mendoza,2024,52,,,HOSPITAL HUMBERTO J. NOTTI.-,Pacientes ingresados a UCI,9,0,0,1,0,1,0,0,,,,,,,,,,,,,
Mendoza,2024,52,,,HOSPITAL HUMBERTO J. NOTTI.-,Casos de IRAG entre los ingresados a UCI,0,0,0,0,0,0,0,0,,,,,,,,,,,,,
Mendoza,2024,52,,,HOSPITAL HUMBERTO J. NOTTI.-,Casos de IRAG EXTENDIDA entre los ingresados a UCI,0,0,0,0,0,0,0,0,,,,,,,,,,,,,
Mendoza,2024,52,,,HOSPITAL HUMBERTO J. NOTTI.-,Defunciones totales,0,0,0,0,0,0,0,0,,,,,,,,,,,,,
Mendoza,2024,52,,,HOSPITAL HUMBERTO J. NOTTI.-,Defunciones por IRAG,0,0,0,0,0,0,0,0,,,,,,,,,,,,,
Mendoza,2024,52,,,HOSPITAL HUMBERTO J. NOTTI.-,Defunciones por IRAG extendida,0,0,0,0,0,0,0,0,,,,,,,,,,,,,
Mendoza,2025,1,,,HOSPITAL HUMBERTO J. NOTTI.-,Pacientes internados por todas las causas,10,3,6,16,44,58,36,2,,,,,,,,,,,,,
Mendoza,2025,1,,,HOSPITAL HUMBERTO J. NOTTI.-,Casos de IRAG entre los internados,0,1,0,0,2,1,0,0,,,,,,,,,,,,,
Mendoza,2025,1,,,HOSPITAL HUMBERTO J. NOTTI.-,Casos de IRAG extendida entre los internados,0,0,0,1,0,0,0,0,,,,,,,,,,,,,
Mendoza,2025,1,,,HOSPITAL HUMBERTO J. NOTTI.-,Casos de IRAG con muestra respiratoria,0,1,0,0,2,1,0,0,,,,,,,,,,,,,
Mendoza,2025,1,,,HOSPITAL HUMBERTO J. NOTTI.-,Pacientes ingresados a UCI,6,0,0,0,1,0,0,0,,,,,,,,,,,,,
Mendoza,2025,1,,,HOSPITAL HUMBERTO J. NOTTI.-,Casos de IRAG entre los ingresados a UCI,0,0,0,0,0,0,0,0,,,,,,,,,,,,,
Mendoza,2025,1,,,HOSPITAL HUMBERTO J. NOTTI.-,Casos de IRAG extendida entre los ingresados a UCI,0,0,0,0,0,0,0,0,,,,,,,,,,,,,
Mendoza,2025,1,,,HOSPITAL HUMBERTO J. NOTTI.-,Defunciones totales,0,0,0,0,0,0,0,0,,,,,,,,,,,,,
Mendoza,2025,1,,,HOSPITAL HUMBERTO J. NOTTI.-,Defunciones por IRAG,0,0,0,0,0,0,0,0,,,,,,,,,,,,,
Mendoza,2025,1,,,HOSPITAL HUMBERTO J. NOTTI.-,Defunciones por IRAG extendida,0,0,0,0,0,0,0,0,,,,,,,,,,,,,
Mendoza,2025,2,,,HOSPITAL HUMBERTO J. NOTTI.-,Pacientes internados por todas las causas,10,8,8,24,35,51,46,3,,,,,,,,,,,,,
Mendoza,2025,2,,,HOSPITAL HUMBERTO J. NOTTI.-,Casos de IRAG entre los internados,0,0,1,2,0,0,3,0,,,,,,,,,,,,,
Mendoza,2025,2,,,HOSPITAL HUMBERTO J. NOTTI.-,Casos de IRAG extendida entre los internados,0,0,0,0,0,0,0,0,,,,,,,,,,,,,
Mendoza,2025,2,,,HOSPITAL HUMBERTO J. NOTTI.-,Casos de IRAG con muestra respiratoria,0,0,1,2,0,0,3,0,,,,,,,,,,,,,
Mendoza,2025,2,,,HOSPITAL HUMBERTO J. NOTTI.-,Pacientes ingresados a UCI,10,1,0,1,0,0,1,0,,,,,,,,,,,,,
Mendoza,2025,2,,,HOSPITAL HUMBERTO J. NOTTI.-,Casos de IRAG entre los ingresados a UCI,0,1,0,0,0,0,0,0,,,,,,,,,,,,,
Mendoza,2025,2,,,HOSPITAL HUMBERTO J. NOTTI.-,Casos de IRAG extendida entre los ingresados a UCI,0,0,0,0,0,0,0,0,,,,,,,,,,,,,
Mendoza,2025,2,,,HOSPITAL HUMBERTO J. NOTTI.-,Defunciones totales,1,0,0,0,0,0,0,0,,,,,,,,,,,,,
Mendoza,2025,2,,,HOSPITAL HUMBERTO J. NOTTI.-,Defunciones por IRAG,0,0,0,0,0,0,0,0,,,,,,,,,,,,,
Mendoza,2025,2,,,HOSPITAL HUMBERTO J. NOTTI.-,Defunciones por IRAG extendida,0,0,0,0,0,0,0,0,,,,,,,,,,,,,
Mendoza,2025,3,,,HOSPITAL HUMBERTO J. NOTTI.-,Pacientes internados por todas las causas,8,5,10,17,47,61,49,3,,,,,,,,,,,,,
Mendoza,2025,3,,,HOSPITAL HUMBERTO J. NOTTI.-,Casos de IRAG entre los internados,0,0,0,1,2,1,1,0,,,,,,,,,,,,,
Mendoza,2025,3,,,HOSPITAL HUMBERTO J. NOTTI.-,Casos de IRAG extendida entre los internados,0,0,0,0,0,0,0,0,,,,,,,,,,,,,
Mendoza,2025,3,,,HOSPITAL HUMBERTO J. NOTTI.-,Casos de IRAG con muestra respiratoria,0,0,0,1,2,1,1,0,,,,,,,,,,,,,
Mendoza,2025,3,,,HOSPITAL HUMBERTO J. NOTTI.-,Pacientes ingresados a UCI,6,0,0,0,0,0,0,0,,,,,,,,,,,,,
Mendoza,2025,3,,,HOSPITAL HUMBERTO J. NOTTI.-,Casos de IRAG entre los ingresados a UCI,0,0,0,0,0,0,0,0,,,,,,,,,,,,,
Mendoza,2025,3,,,HOSPITAL HUMBERTO J. NOTTI.-,Casos de IRAG extendida entre los ingresados a UCI,0,0,0,0,0,0,0,0,,,,,,,,,,,,,
Mendoza,2025,3,,,HOSPITAL HUMBERTO J. NOTTI.-,Defunciones totales,1,0,0,0,0,0,0,0,,,,,,,,,,,,,
Mendoza,2025,3,,,HOSPITAL HUMBERTO J. NOTTI.-,Defunciones por IRAG,0,0,0,0,0,0,0,0,,,,,,,,,,,,,
Mendoza,2025,3,,,HOSPITAL HUMBERTO J. NOTTI.-,Defunciones por IRAG extendida,0,0,0,0,0,0,0,0,,,,,,,,,,,,,
Mendoza,2025,4,,,HOSPITAL HUMBERTO J. NOTTI.-,Pacientes internados por todas las causas,14,5,14,19,37,57,57,2,,,,,,,,,,,,,
Mendoza,2025,4,,,HOSPITAL HUMBERTO J. NOTTI.-,Casos de IRAG entre los internados,0,2,2,2,2,0,1,1,,,,,,,,,,,,,
Mendoza,2025,4,,,HOSPITAL HUMBERTO J. NOTTI.-,Casos de IRAG extendida entre los internados,0,0,1,1,0,0,0,0,,,,,,,,,,,,,
Mendoza,2025,4,,,HOSPITAL HUMBERTO J. NOTTI.-,Casos de IRAG con muestra respiratoria,0,2,2,2,2,0,1,1,,,,,,,,,,,,,
Mendoza,2025,4,,,HOSPITAL HUMBERTO J. NOTTI.-,Pacientes ingresados a UCI,12,1,0,2,0,0,1,0,,,,,,,,,,,,,
Mendoza,2025,4,,,HOSPITAL HUMBERTO J. NOTTI.-,Casos de IRAG entre los ingresados a UCI,0,0,0,0,0,0,0,0,,,,,,,,,,,,,
Mendoza,2025,4,,,HOSPITAL HUMBERTO J. NOTTI.-,Casos de IRAG extendida entre los ingresados a UCI,0,0,1,0,0,0,0,0,,,,,,,,,,,,,
Mendoza,2025,4,,,HOSPITAL HUMBERTO J. NOTTI.-,Defunciones totales,0,0,0,0,0,0,1,0,,,,,,,,,,,,,
Mendoza,2025,4,,,HOSPITAL HUMBERTO J. NOTTI.-,Defunciones por IRAG,0,0,0,0,0,0,0,0,,,,,,,,,,,,,
Mendoza,2025,4,,,HOSPITAL HUMBERTO J. NOTTI.-,Defunciones por IRAG extendida,0,0,0,0,0,0,0,0,,,,,,,,,,,,,
Mendoza,2025,5,,,HOSPITAL HUMBERTO J. NOTTI.-,Pacientes internados por todas las causas,9,10,8,25,40,63,59,3,,,,,,,,,,,,,
Mendoza,2025,5,,,HOSPITAL HUMBERTO J. NOTTI.-,Casos de IRAG entre los internados,0,1,0,2,2,2,0,0,,,,,,,,,,,,,
Mendoza,2025,5,,,HOSPITAL HUMBERTO J. NOTTI.-,Casos de IRAG extendida entre los internados,1,0,0,0,0,0,0,0,,,,,,,,,,,,,
Mendoza,2025,5,,,HOSPITAL HUMBERTO J. NOTTI.-,Casos de IRAG con muestra respiratoria,0,1,0,2,2,2,0,0,,,,,,,,,,,,,
Mendoza,2025,5,,,HOSPITAL HUMBERTO J. NOTTI.-,Pacientes ingresados a UCI,5,1,0,0,0,0,0,0,,,,,,,,,,,,,
Mendoza,2025,5,,,HOSPITAL HUMBERTO J. NOTTI.-,Casos de IRAG entre los ingresados a UCI,0,0,0,0,0,0,0,0,,,,,,,,,,,,,
Mendoza,2025,5,,,HOSPITAL HUMBERTO J. NOTTI.-,Casos de IRAG extendida entre los ingresados a UCI,0,0,0,0,0,0,0,0,,,,,,,,,,,,,
Mendoza,2025,5,,,HOSPITAL HUMBERTO J. NOTTI.-,Defunciones totales,1,0,0,0,0,0,0,0,,,,,,,,,,,,,
Mendoza,2025,5,,,HOSPITAL HUMBERTO J. NOTTI.-,Defunciones por IRAG,0,0,0,0,0,0,0,0,,,,,,,,,,,,,
Mendoza,2025,5,,,HOSPITAL HUMBERTO J. NOTTI.-,Defunciones por IRAG extendida,0,0,0,0,0,0,0,0,,,,,,,,,,,,,
Mendoza,2025,6,,,HOSPITAL HUMBERTO J. NOTTI.-,Pacientes internados por todas las causas,11,6,9,23,51,68,53,0,,,,,,,,,,,,,
Mendoza,2025,6,,,HOSPITAL HUMBERTO J. NOTTI.-,Casos de IRAG entre los internados,1,1,0,0,2,0,0,0,,,,,,,,,,,,,
Mendoza,2025,6,,,HOSPITAL HUMBERTO J. NOTTI.-,Casos de IRAG extendida entre los internados,0,0,0,0,0,0,0,0,,,,,,,,,,,,,
Mendoza,2025,6,,,HOSPITAL HUMBERTO J. NOTTI.-,Casos de IRAG con muestra respiratoria,1,1,0,0,2,0,0,0,,,,,,,,,,,,,
Mendoza,2025,6,,,HOSPITAL HUMBERTO J. NOTTI.-,Pacientes ingresados a UCI,5,0,0,0,1,0,0,0,,,,,,,,,,,,,
Mendoza,2025,6,,,HOSPITAL HUMBERTO J. NOTTI.-,Casos de IRAG entre los ingresados a UCI,0,1,0,0,0,0,0,0,,,,,,,,,,,,,
Mendoza,2025,6,,,HOSPITAL HUMBERTO J. NOTTI.-,Casos de IRAG extendida entre los ingresados a UCI,0,0,0,0,0,0,0,0,,,,,,,,,,,,,
Mendoza,2025,6,,,HOSPITAL HUMBERTO J. NOTTI.-,Defunciones totales,0,0,0,0,0,0,0,0,,,,,,,,,,,,,
Mendoza,2025,6,,,HOSPITAL HUMBERTO J. NOTTI.-,Defunciones por IRAG,0,0,0,0,0,0,0,0,,,,,,,,,,,,,
Mendoza,2025,6,,,HOSPITAL HUMBERTO J. NOTTI.-,Defunciones por IRAG extendida,0,0,0,0,0,0,0,0,,,,,,,,,,,,,
Mendoza,2025,7,,,HOSPITAL HUMBERTO J. NOTTI.-,Pacientes internados por todas las causas,7,6,5,22,37,48,50,0,,,,,,,,,,,,,
Mendoza,2025,7,,,HOSPITAL HUMBERTO J. NOTTI.-,Casos de IRAG entre los internados,0,1,0,4,2,1,1,0,,,,,,,,,,,,,
Mendoza,2025,7,,,HOSPITAL HUMBERTO J. NOTTI.-,Casos de IRAG extendida entre los internados,0,0,1,0,0,0,0,0,,,,,,,,,,,,,
Mendoza,2025,7,,,HOSPITAL HUMBERTO J. NOTTI.-,Casos de IRAG con muestra respiratoria,0,1,0,4,2,1,1,0,,,,,,,,,,,,,
Mendoza,2025,7,,,HOSPITAL HUMBERTO J. NOTTI.-,Pacientes ingresados a UCI,4,0,0,4,1,1,2,0,,,,,,,,,,,,,
Mendoza,2025,7,,,HOSPITAL HUMBERTO J. NOTTI.-,Casos de IRAG entre los ingresados a UCI,0,0,0,2,0,1,0,0,,,,,,,,,,,,,
Mendoza,2025,7,,,HOSPITAL HUMBERTO J. NOTTI.-,Casos de IRAG extendida entre los ingresados a UCI,0,0,0,0,0,0,0,0,,,,,,,,,,,,,
Mendoza,2025,7,,,HOSPITAL HUMBERTO J. NOTTI.-,Defunciones totales,0,0,0,0,1,0,0,0,,,,,,,,,,,,,
Mendoza,2025,7,,,HOSPITAL HUMBERTO J. NOTTI.-,Defunciones por IRAG,0,0,0,0,0,0,0,0,,,,,,,,,,,,,
Mendoza,2025,7,,,HOSPITAL HUMBERTO J. NOTTI.-,Defunciones por IRAG extendida,0,0,0,0,0,0,0,0,,,,,,,,,,,,,
Mendoza,2025,8,,,HOSPITAL HUMBERTO J. NOTTI.-,Pacientes internados por todas las causas,8,4,15,22,34,61,44,2,,,,,,,,,,,,,
Mendoza,2025,8,,,HOSPITAL HUMBERTO J. NOTTI.-,Casos de IRAG entre los internados,0,0,0,3,3,4,1,0,,,,,,,,,,,,,
Mendoza,2025,8,,,HOSPITAL HUMBERTO J. NOTTI.-,Casos de IRAG extendida entre los internados,0,0,2,2,0,0,0,0,,,,,,,,,,,,,
Mendoza,2025,8,,,HOSPITAL HUMBERTO J. NOTTI.-,Casos de IRAG con muestra respiratoria,0,0,0,3,3,4,1,0,,,,,,,,,,,,,
Mendoza,2025,8,,,HOSPITAL HUMBERTO J. NOTTI.-,Pacientes ingresados a UCI,4,0,0,1,1,0,1,0,,,,,,,,,,,,,
Mendoza,2025,8,,,HOSPITAL HUMBERTO J. NOTTI.-,Casos de IRAG entre los ingresados a UCI,0,0,0,1,0,0,0,0,,,,,,,,,,,,,
Mendoza,2025,8,,,HOSPITAL HUMBERTO J. NOTTI.-,Casos de IRAG extendida entre los ingresados a UCI,0,0,0,0,0,0,0,0,,,,,,,,,,,,,
Mendoza,2025,8,,,HOSPITAL HUMBERTO J. NOTTI.-,Defunciones totales,0,0,0,0,0,0,0,1,,,,,,,,,,,,,
Mendoza,2025,8,,,HOSPITAL HUMBERTO J. NOTTI.-,Defunciones por IRAG,0,0,0,0,0,0,0,0,,,,,,,,,,,,,
Mendoza,2025,8,,,HOSPITAL HUMBERTO J. NOTTI.-,Defunciones por IRAG extendida,0,0,0,0,0,0,0,0,,,,,,,,,,,,,
Mendoza,2025,9,,,HOSPITAL HUMBERTO J. NOTTI.-,Pacientes internados por todas las causas,7,7,10,24,41,54,48,3,,,,,,,,,,,,,
Mendoza,2025,9,,,HOSPITAL HUMBERTO J. NOTTI.-,Casos de IRAG entre los internados,0,0,3,0,2,2,0,0,,,,,,,,,,,,,
Mendoza,2025,9,,,HOSPITAL HUMBERTO J. NOTTI.-,Casos de IRAG extendida entre los internados,0,0,0,0,0,0,0,0,,,,,,,,,,,,,
Mendoza,2025,9,,,HOSPITAL HUMBERTO J. NOTTI.-,Casos de IRAG con muestra respiratoria,0,0,3,0,2,2,0,0,,,,,,,,,,,,,
Mendoza,2025,9,,,HOSPITAL HUMBERTO J. NOTTI.-,Pacientes ingresados a UCI,7,1,2,0,0,0,0,1,,,,,,,,,,,,,
Mendoza,2025,9,,,HOSPITAL HUMBERTO J. NOTTI.-,Casos de IRAG entre los ingresados a UCI,0,0,2,0,0,0,0,0,,,,,,,,,,,,,
Mendoza,2025,9,,,HOSPITAL HUMBERTO J. NOTTI.-,Casos de IRAG extendida entre los ingresados a UCI,0,0,0,0,0,0,0,0,,,,,,,,,,,,,
Mendoza,2025,9,,,HOSPITAL HUMBERTO J. NOTTI.-,Defunciones totales,0,0,0,0,0,0,0,0,,,,,,,,,,,,,
Mendoza,2025,9,,,HOSPITAL HUMBERTO J. NOTTI.-,Defunciones por IRAG,0,0,0,0,0,0,0,0,,,,,,,,,,,,,
Mendoza,2025,9,,,HOSPITAL HUMBERTO J. NOTTI.-,Defunciones por IRAG extendida,0,0,0,0,0,0,0,0,,,,,,,,,,,,,
Mendoza,2025,10,,,HOSPITAL HUMBERTO J. NOTTI.-,Pacientes internados por todas las causas,5,4,9,21,29,44,43,1,,,,,,,,,,,,,
Mendoza,2025,10,,,HOSPITAL HUMBERTO J. NOTTI.-,Casos de IRAG entre los internados,0,0,3,2,0,1,0,0,,,,,,,,,,,,,
Mendoza,2025,10,,,HOSPITAL HUMBERTO J. NOTTI.-,Casos de IRAG extendida entre los internados,0,0,0,0,0,0,0,0,,,,,,,,,,,,,
Mendoza,2025,10,,,HOSPITAL HUMBERTO J. NOTTI.-,Casos de IRAG con muestra respiratoria,0,0,3,2,0,1,0,0,,,,,,,,,,,,,
Mendoza,2025,10,,,HOSPITAL HUMBERTO J. NOTTI.-,Pacientes ingresados a UCI,2,1,0,1,0,0,1,0,,,,,,,,,,,,,
Mendoza,2025,10,,,HOSPITAL HUMBERTO J. NOTTI.-,Casos de IRAG entre los ingresados a UCI,0,0,0,0,0,0,0,0,,,,,,,,,,,,,
Mendoza,2025,10,,,HOSPITAL HUMBERTO J. NOTTI.-,Casos de IRAG extendida entre los ingresados a UCI,0,0,0,0,0,0,0,0,,,,,,,,,,,,,
Mendoza,2025,10,,,HOSPITAL HUMBERTO J. NOTTI.-,Defunciones totales,0,1,0,0,0,0,0,0,,,,,,,,,,,,,
Mendoza,2025,10,,,HOSPITAL HUMBERTO J. NOTTI.-,Defunciones por IRAG,0,0,0,0,0,0,0,0,,,,,,,,,,,,,
Mendoza,2025,10,,,HOSPITAL HUMBERTO J. NOTTI.-,Defunciones por IRAG extendida,0,0,0,0,0,0,0,0,,,,,,,,,,,,,
Mendoza,2025,11,,,HOSPITAL HUMBERTO J. NOTTI.-,Pacientes internados por todas las causas,8,3,9,10,37,56,56,4,,,,,,,,,,,,,
Mendoza,2025,11,,,HOSPITAL HUMBERTO J. NOTTI.-,Casos de IRAG entre los internados,0,0,0,1,2,3,1,0,,,,,,,,,,,,,
Mendoza,2025,11,,,HOSPITAL HUMBERTO J. NOTTI.-,Casos de IRAG extendida entre los internados,0,1,0,0,0,0,0,0,,,,,,,,,,,,,
Mendoza,2025,11,,,HOSPITAL HUMBERTO J. NOTTI.-,Casos de IRAG con muestra respiratoria,0,0,0,1,2,3,1,0,,,,,,,,,,,,,
Mendoza,2025,11,,,HOSPITAL HUMBERTO J. NOTTI.-,Pacientes ingresados a UCI,4,0,0,0,1,0,0,0,,,,,,,,,,,,,
Mendoza,2025,11,,,HOSPITAL HUMBERTO J. NOTTI.-,Casos de IRAG entre los ingresados a UCI,0,0,0,0,1,0,0,0,,,,,,,,,,,,,
Mendoza,2025,11,,,HOSPITAL HUMBERTO J. NOTTI.-,Casos de IRAG extendida entre los ingresados a UCI,0,0,0,0,0,0,0,0,,,,,,,,,,,,,
Mendoza,2025,11,,,HOSPITAL HUMBERTO J. NOTTI.-,Defunciones totales,0,0,0,0,1,0,0,0,,,,,,,,,,,,,
Mendoza,2025,11,,,HOSPITAL HUMBERTO J. NOTTI.-,Defunciones por IRAG,0,0,0,0,0,0,0,0,,,,,,,,,,,,,
Mendoza,2025,11,,,HOSPITAL HUMBERTO J. NOTTI.-,Defunciones por IRAG extendida,0,0,0,0,0,0,0,0,,,,,,,,,,,,,
Mendoza,2025,12,,,HOSPITAL HUMBERTO J. NOTTI.-,Pacientes internados por todas las causas,9,8,2,20,45,69,50,2,,,,,,,,,,,,,
Mendoza,2025,12,,,HOSPITAL HUMBERTO J. NOTTI.-,Casos de IRAG entre los internados,0,0,0,1,1,1,0,0,,,,,,,,,,,,,
Mendoza,2025,12,,,HOSPITAL HUMBERTO J. NOTTI.-,Casos de IRAG extendida entre los internados,2,0,0,0,0,0,0,0,,,,,,,,,,,,,
Mendoza,2025,12,,,HOSPITAL HUMBERTO J. NOTTI.-,Casos de IRAG con muestra respiratoria,0,0,0,1,1,1,0,0,,,,,,,,,,,,,
Mendoza,2025,12,,,HOSPITAL HUMBERTO J. NOTTI.-,Pacientes ingresados a UCI,5,0,0,0,1,1,1,1,,,,,,,,,,,,,
Mendoza,2025,12,,,HOSPITAL HUMBERTO J. NOTTI.-,Casos de IRAG entre los ingresados a UCI,0,0,0,0,0,0,0,0,,,,,,,,,,,,,
Mendoza,2025,12,,,HOSPITAL HUMBERTO J. NOTTI.-,Casos de IRAG extendida entre los ingresados a UCI,0,0,0,0,0,0,0,0,,,,,,,,,,,,,
Mendoza,2025,12,,,HOSPITAL HUMBERTO J. NOTTI.-,Defunciones totales,0,0,0,0,0,0,0,0,,,,,,,,,,,,,
Mendoza,2025,12,,,HOSPITAL HUMBERTO J. NOTTI.-,Defunciones por IRAG,0,0,0,0,0,0,0,0,,,,,,,,,,,,,
Mendoza,2025,12,,,HOSPITAL HUMBERTO J. NOTTI.-,Defunciones por IRAG extendida,0,0,0,0,0,0,0,0,,,,,,,,,,,,,
Mendoza,2025,13,,,HOSPITAL HUMBERTO J. NOTTI.-,Pacientes internados por todas las causas,9,6,6,11,31,55,40,2,,,,,,,,,,,,,
Mendoza,2025,13,,,HOSPITAL HUMBERTO J. NOTTI.-,Casos de IRAG entre los internados,0,0,0,0,3,4,0,0,,,,,,,,,,,,,
Mendoza,2025,13,,,HOSPITAL HUMBERTO J. NOTTI.-,Casos de IRAG extendida entre los internados,1,0,0,0,0,0,0,0,,,,,,,,,,,,,
Mendoza,2025,13,,,HOSPITAL HUMBERTO J. NOTTI.-,Casos de IRAG con muestra respiratoria,0,0,0,0,3,4,0,0,,,,,,,,,,,,,
Mendoza,2025,13,,,HOSPITAL HUMBERTO J. NOTTI.-,Pacientes ingresados a UCI,5,0,0,1,0,1,2,0,,,,,,,,,,,,,
Mendoza,2025,13,,,HOSPITAL HUMBERTO J. NOTTI.-,Casos de IRAG entre los ingresados a UCI,0,0,0,0,0,1,0,0,,,,,,,,,,,,,
Mendoza,2025,13,,,HOSPITAL HUMBERTO J. NOTTI.-,Casos de IRAG extendida entre los ingresados a UCI,0,0,0,0,0,0,0,0,,,,,,,,,,,,,
Mendoza,2025,13,,,HOSPITAL HUMBERTO J. NOTTI.-,Defunciones totales,1,0,0,0,0,0,0,0,,,,,,,,,,,,,
Mendoza,2025,13,,,HOSPITAL HUMBERTO J. NOTTI.-,Defunciones por IRAG,0,0,0,0,0,0,0,0,,,,,,,,,,,,,
Mendoza,2025,13,,,HOSPITAL HUMBERTO J. NOTTI.-,Defunciones por IRAG extendida,0,0,0,0,0,0,0,0,,,,,,,,,,,,,
Mendoza,2025,14,,,HOSPITAL HUMBERTO J. NOTTI.-,Pacientes internados por todas las causas,7,4,7,16,41,61,42,3,,,,,,,,,,,,,
Mendoza,2025,14,,,HOSPITAL HUMBERTO J. NOTTI.-,Casos de IRAG entre los internados,2,0,0,0,4,4,3,0,,,,,,,,,,,,,
Mendoza,2025,14,,,HOSPITAL HUMBERTO J. NOTTI.-,Casos de IRAG extendida entre los internados,0,0,0,1,0,0,0,0,,,,,,,,,,,,,
Mendoza,2025,14,,,HOSPITAL HUMBERTO J. NOTTI.-,Casos de IRAG con muestra respiratoria,2,0,0,0,4,4,3,0,,,,,,,,,,,,,
Mendoza,2025,14,,,HOSPITAL HUMBERTO J. NOTTI.-,Pacientes ingresados a UCI,2,0,0,0,0,2,1,0,,,,,,,,,,,,,
Mendoza,2025,14,,,HOSPITAL HUMBERTO J. NOTTI.-,Casos de IRAG entre los ingresados a UCI,0,0,0,0,1,1,1,0,,,,,,,,,,,,,
Mendoza,2025,14,,,HOSPITAL HUMBERTO J. NOTTI.-,Casos de IRAG extendida entre los ingresados a UCI,0,0,0,0,0,0,0,0,,,,,,,,,,,,,
Mendoza,2025,14,,,HOSPITAL HUMBERTO J. NOTTI.-,Defunciones totales,1,0,0,0,0,0,2,0,,,,,,,,,,,,,
Mendoza,2025,14,,,HOSPITAL HUMBERTO J. NOTTI.-,Defunciones por IRAG,0,0,0,0,0,0,0,0,,,,,,,,,,,,,
Mendoza,2025,14,,,HOSPITAL HUMBERTO J. NOTTI.-,Defunciones por IRAG extendida,0,0,0,0,0,0,0,0,,,,,,,,,,,,,
Mendoza,2025,15,,,HOSPITAL HUMBERTO J. NOTTI.-,Pacientes internados por todas las causas,8,5,4,13,37,59,51,3,,,,,,,,,,,,,
Mendoza,2025,15,,,HOSPITAL HUMBERTO J. NOTTI.-,Casos de IRAG entre los internados,0,1,0,1,2,2,1,0,,,,,,,,,,,,,
Mendoza,2025,15,,,HOSPITAL HUMBERTO J. NOTTI.-,Casos de IRAG extendida entre los internados,0,0,0,1,0,0,0,0,,,,,,,,,,,,,
Mendoza,2025,15,,,HOSPITAL HUMBERTO J. NOTTI.-,Casos de IRAG con muestra respiratoria,0,1,0,1,2,2,1,0,,,,,,,,,,,,,
Mendoza,2025,15,,,HOSPITAL HUMBERTO J. NOTTI.-,Pacientes ingresados a UCI,6,1,1,1,1,0,0,0,,,,,,,,,,,,,
Mendoza,2025,15,,,HOSPITAL HUMBERTO J. NOTTI.-,Casos de IRAG entre los ingresados a UCI,0,0,0,0,0,0,0,0,,,,,,,,,,,,,
Mendoza,2025,15,,,HOSPITAL HUMBERTO J. NOTTI.-,Casos de IRAG extendida entre los ingresados a UCI,0,0,0,0,0,0,0,0,,,,,,,,,,,,,
Mendoza,2025,15,,,HOSPITAL HUMBERTO J. NOTTI.-,Defunciones totales,0,0,0,1,0,1,0,0,,,,,,,,,,,,,
Mendoza,2025,15,,,HOSPITAL HUMBERTO J. NOTTI.-,Defunciones por IRAG,0,0,0,0,0,0,0,0,,,,,,,,,,,,,
Mendoza,2025,15,,,HOSPITAL HUMBERTO J. NOTTI.-,Defunciones por IRAG extendida,0,0,0,0,0,0,0,0,,,,,,,,,,,,,
Mendoza,2025,16,,,HOSPITAL HUMBERTO J. NOTTI.-,Pacientes internados por todas las causas,8,5,4,13,37,59,51,3,,,,,,,,,,,,,
Mendoza,2025,16,,,HOSPITAL HUMBERTO J. NOTTI.-,Casos de IRAG entre los internados,0,0,0,0,2,4,1,0,,,,,,,,,,,,,
Mendoza,2025,16,,,HOSPITAL HUMBERTO J. NOTTI.-,Casos de IRAG extendida entre los internados,0,0,0,2,0,0,0,0,,,,,,,,,,,,,
Mendoza,2025,16,,,HOSPITAL HUMBERTO J. NOTTI.-,Casos de IRAG con muestra respiratoria,0,0,0,0,2,4,1,0,,,,,,,,,,,,,
Mendoza,2025,16,,,HOSPITAL HUMBERTO J. NOTTI.-,Pacientes ingresados a UCI,6,1,1,1,1,0,0,0,,,,,,,,,,,,,
Mendoza,2025,16,,,HOSPITAL HUMBERTO J. NOTTI.-,Casos de IRAG entre los ingresados a UCI,0,0,0,0,0,1,0,0,,,,,,,,,,,,,
Mendoza,2025,16,,,HOSPITAL HUMBERTO J. NOTTI.-,Casos de IRAG extendida entre los ingresados a UCI,0,0,0,0,0,0,0,0,,,,,,,,,,,,,
Mendoza,2025,16,,,HOSPITAL HUMBERTO J. NOTTI.-,Defunciones totales,0,0,0,0,0,0,0,0,,,,,,,,,,,,,
Mendoza,2025,16,,,HOSPITAL HUMBERTO J. NOTTI.-,Defunciones por IRAG,0,0,0,0,0,0,0,0,,,,,,,,,,,,,
Mendoza,2025,16,,,HOSPITAL HUMBERTO J. NOTTI.-,Defunciones por IRAG extendida,0,0,0,0,0,0,0,0,,,,,,,,,,,,,
Mendoza,2025,17,,,HOSPITAL HUMBERTO J. NOTTI.-,Pacientes internados por todas las causas,10,4,15,27,65,120,104,11,,,,,,,,,,,,,
Mendoza,2025,17,,,HOSPITAL HUMBERTO J. NOTTI.-,Casos de IRAG entre los internados,0,0,4,1,4,3,4,0,,,,,,,,,,,,,
Mendoza,2025,17,,,HOSPITAL HUMBERTO J. NOTTI.-,Casos de IRAG extendida entre los internados,2,0,3,0,0,0,0,0,,,,,,,,,,,,,
Mendoza,2025,17,,,HOSPITAL HUMBERTO J. NOTTI.-,Casos de IRAG con muestra respiratoria,0,0,4,1,4,3,4,0,,,,,,,,,,,,,
Mendoza,2025,17,,,HOSPITAL HUMBERTO J. NOTTI.-,Pacientes ingresados a UCI,5,0,0,1,1,3,1,0,,,,,,,,,,,,,
Mendoza,2025,17,,,HOSPITAL HUMBERTO J. NOTTI.-,Casos de IRAG entre los ingresados a UCI,0,0,0,0,1,1,1,0,,,,,,,,,,,,,
Mendoza,2025,17,,,HOSPITAL HUMBERTO J. NOTTI.-,Casos de IRAG extendida entre los ingresados a UCI,0,0,0,0,0,0,0,0,,,,,,,,,,,,,
Mendoza,2025,17,,,HOSPITAL HUMBERTO J. NOTTI.-,Defunciones totales,0,0,0,0,0,0,0,0,,,,,,,,,,,,,
Mendoza,2025,17,,,HOSPITAL HUMBERTO J. NOTTI.-,Defunciones por IRAG,0,0,0,0,0,0,0,0,,,,,,,,,,,,,
Mendoza,2025,17,,,HOSPITAL HUMBERTO J. NOTTI.-,Defunciones por IRAG extendida,0,0,0,0,0,0,0,0,,,,,,,,,,,,,
Mendoza,2025,18,,,HOSPITAL HUMBERTO J. NOTTI.-,Pacientes internados por todas las causas,6,6,12,22,35,65,58,7,,,,,,,,,,,,,
Mendoza,2025,18,,,HOSPITAL HUMBERTO J. NOTTI.-,Casos de IRAG entre los internados,0,0,2,2,1,5,0,0,,,,,,,,,,,,,
Mendoza,2025,18,,,HOSPITAL HUMBERTO J. NOTTI.-,Casos de IRAG extendida entre los internados,0,0,0,2,0,0,0,0,,,,,,,,,,,,,
Mendoza,2025,18,,,HOSPITAL HUMBERTO J. NOTTI.-,Casos de IRAG con muestra respiratoria,0,0,2,2,1,5,0,0,,,,,,,,,,,,,
Mendoza,2025,18,,,HOSPITAL HUMBERTO J. NOTTI.-,Pacientes ingresados a UCI,3,0,1,0,0,2,1,0,,,,,,,,,,,,,
Mendoza,2025,18,,,HOSPITAL HUMBERTO J. NOTTI.-,Casos de IRAG entre los ingresados a UCI,0,0,0,0,0,0,0,0,,,,,,,,,,,,,
Mendoza,2025,18,,,HOSPITAL HUMBERTO J. NOTTI.-,Casos de IRAG extendida entre los ingresados a UCI,0,0,0,0,0,0,0,0,,,,,,,,,,,,,
Mendoza,2025,18,,,HOSPITAL HUMBERTO J. NOTTI.-,Defunciones totales,0,0,1,0,0,0,0,0,,,,,,,,,,,,,
Mendoza,2025,18,,,HOSPITAL HUMBERTO J. NOTTI.-,Defunciones por IRAG,0,0,0,0,0,0,0,0,,,,,,,,,,,,,
Mendoza,2025,18,,,HOSPITAL HUMBERTO J. NOTTI.-,Defunciones por IRAG extendida,0,0,0,0,0,0,0,0,,,,,,,,,,,,,
Mendoza,2025,19,,,HOSPITAL HUMBERTO J. NOTTI.-,Pacientes internados por todas las causas,13,5,11,17,37,59,56,2,,,,,,,,,,,,,
Mendoza,2025,19,,,HOSPITAL HUMBERTO J. NOTTI.-,Casos de IRAG entre los internados,0,0,0,0,4,2,0,0,,,,,,,,,,,,,
Mendoza,2025,19,,,HOSPITAL HUMBERTO J. NOTTI.-,Casos de IRAG extendida entre los internados,0,0,0,1,0,0,0,0,,,,,,,,,,,,,
Mendoza,2025,19,,,HOSPITAL HUMBERTO J. NOTTI.-,Casos de IRAG con muestra respiratoria,0,0,0,0,4,2,0,0,,,,,,,,,,,,,
Mendoza,2025,19,,,HOSPITAL HUMBERTO J. NOTTI.-,Pacientes ingresados a UCI,9,0,0,0,1,0,0,0,,,,,,,,,,,,,
Mendoza,2025,19,,,HOSPITAL HUMBERTO J. NOTTI.-,Casos de IRAG entre los ingresados a UCI,0,0,0,0,0,0,0,0,,,,,,,,,,,,,
Mendoza,2025,19,,,HOSPITAL HUMBERTO J. NOTTI.-,Casos de IRAG extendida entre los ingresados a UCI,0,0,0,0,0,0,0,0,,,,,,,,,,,,,
Mendoza,2025,19,,,HOSPITAL HUMBERTO J. NOTTI.-,Defunciones totales,0,1,0,0,0,0,1,0,,,,,,,,,,,,,
Mendoza,2025,19,,,HOSPITAL HUMBERTO J. NOTTI.-,Defunciones por IRAG,0,0,0,0,0,0,0,0,,,,,,,,,,,,,
Mendoza,2025,19,,,HOSPITAL HUMBERTO J. NOTTI.-,Defunciones por IRAG extendida,0,0,0,0,0,0,0,0,,,,,,,,,,,,,
Mendoza,2025,20,,,HOSPITAL HUMBERTO J. NOTTI.-,Pacientes internados por todas las causas,8,8,9,14,48,52,61,4,,,,,,,,,,,,,
Mendoza,2025,20,,,HOSPITAL HUMBERTO J. NOTTI.-,Casos de IRAG entre los internados,0,0,1,4,2,5,1,0,,,,,,,,,,,,,
Mendoza,2025,20,,,HOSPITAL HUMBERTO J. NOTTI.-,Casos de IRAG extendida entre los internados,1,0,1,0,0,0,0,0,,,,,,,,,,,,,
Mendoza,2025,20,,,HOSPITAL HUMBERTO J. NOTTI.-,Casos de IRAG con muestra respiratoria,0,0,1,4,2,5,1,0,,,,,,,,,,,,,
Mendoza,2025,20,,,HOSPITAL HUMBERTO J. NOTTI.-,Pacientes ingresados a UCI,2,0,0,0,0,1,0,0,,,,,,,,,,,,,
Mendoza,2025,20,,,HOSPITAL HUMBERTO J. NOTTI.-,Casos de IRAG entre los ingresados a UCI,0,0,0,1,0,0,0,0,,,,,,,,,,,,,
Mendoza,2025,20,,,HOSPITAL HUMBERTO J. NOTTI.-,Casos de IRAG extendida entre los ingresados a UCI,0,0,0,0,0,0,0,0,,,,,,,,,,,,,
Mendoza,2025,20,,,HOSPITAL HUMBERTO J. NOTTI.-,Defunciones totales,0,0,0,0,0,0,1,0,,,,,,,,,,,,,
Mendoza,2025,20,,,HOSPITAL HUMBERTO J. NOTTI.-,Defunciones por IRAG,0,0,0,0,0,0,0,0,,,,,,,,,,,,,
Mendoza,2025,20,,,HOSPITAL HUMBERTO J. NOTTI.-,Defunciones por IRAG extendida,0,0,0,0,0,0,0,0,,,,,,,,,,,,,
Mendoza,2025,21,,,HOSPITAL HUMBERTO J. NOTTI.-,Pacientes internados por todas las causas,8,5,8,14,52,56,41,4,,,,,,,,,,,,,
Mendoza,2025,21,,,HOSPITAL HUMBERTO J. NOTTI.-,Casos de IRAG entre los internados,0,1,1,2,5,1,4,0,,,,,,,,,,,,,
Mendoza,2025,21,,,HOSPITAL HUMBERTO J. NOTTI.-,Casos de IRAG extendida entre los internados,0,0,0,1,0,0,0,0,,,,,,,,,,,,,
Mendoza,2025,21,,,HOSPITAL HUMBERTO J. NOTTI.-,Casos de IRAG con muestra respiratoria,0,1,1,2,5,1,4,0,,,,,,,,,,,,,
Mendoza,2025,21,,,HOSPITAL HUMBERTO J. NOTTI.-,Pacientes ingresados a UCI,4,0,0,1,3,1,0,0,,,,,,,,,,,,,
Mendoza,2025,21,,,HOSPITAL HUMBERTO J. NOTTI.-,Casos de IRAG entre los ingresados a UCI,0,0,0,0,1,0,0,0,,,,,,,,,,,,,
Mendoza,2025,21,,,HOSPITAL HUMBERTO J. NOTTI.-,Casos de IRAG extendida entre los ingresados a UCI,0,0,0,1,0,0,0,0,,,,,,,,,,,,,
Mendoza,2025,21,,,HOSPITAL HUMBERTO J. NOTTI.-,Defunciones totales,1,0,0,0,0,0,0,0,,,,,,,,,,,,,
Mendoza,2025,21,,,HOSPITAL HUMBERTO J. NOTTI.-,Defunciones por IRAG,0,0,0,0,0,0,0,0,,,,,,,,,,,,,
Mendoza,2025,21,,,HOSPITAL HUMBERTO J. NOTTI.-,Defunciones por IRAG extendida,0,0,0,0,0,0,0,0,,,,,,,,,,,,,
Mendoza,2025,22,,,HOSPITAL HUMBERTO J. NOTTI.-,Pacientes internados por todas las causas,6,5,9,14,34,52,59,5,,,,,,,,,,,,,
Mendoza,2025,22,,,HOSPITAL HUMBERTO J. NOTTI.-,Casos de IRAG entre los internados,1,0,2,1,2,3,2,0,,,,,,,,,,,,,
Mendoza,2025,22,,,HOSPITAL HUMBERTO J. NOTTI.-,Casos de IRAG extendida entre los internados,0,0,0,2,0,0,0,0,,,,,,,,,,,,,
Mendoza,2025,22,,,HOSPITAL HUMBERTO J. NOTTI.-,Casos de IRAG con muestra respiratoria,1,0,2,1,2,3,2,0,,,,,,,,,,,,,
Mendoza,2025,22,,,HOSPITAL HUMBERTO J. NOTTI.-,Pacientes ingresados a UCI,3,0,0,0,1,0,1,0,,,,,,,,,,,,,
Mendoza,2025,22,,,HOSPITAL HUMBERTO J. NOTTI.-,Casos de IRAG entre los ingresados a UCI,0,0,0,0,0,0,0,0,,,,,,,,,,,,,
Mendoza,2025,22,,,HOSPITAL HUMBERTO J. NOTTI.-,Casos de IRAG extendida entre los ingresados a UCI,0,0,0,0,0,0,0,0,,,,,,,,,,,,,
Mendoza,2025,22,,,HOSPITAL HUMBERTO J. NOTTI.-,Defunciones totales,1,0,0,0,0,0,0,0,,,,,,,,,,,,,
Mendoza,2025,22,,,HOSPITAL HUMBERTO J. NOTTI.-,Defunciones por IRAG,0,0,0,0,0,0,0,0,,,,,,,,,,,,,
Mendoza,2025,22,,,HOSPITAL HUMBERTO J. NOTTI.-,Defunciones por IRAG extendida,0,0,0,0,0,0,0,0,,,,,,,,,,,,,
Mendoza,2025,23,,,HOSPITAL HUMBERTO J. NOTTI.-,Pacientes internados por todas las causas,8,6,11,19,33,54,59,3,,,,,,,,,,,,,
Mendoza,2025,23,,,HOSPITAL HUMBERTO J. NOTTI.-,Casos de IRAG entre los internados,0,2,1,1,2,6,0,0,,,,,,,,,,,,,
Mendoza,2025,23,,,HOSPITAL HUMBERTO J. NOTTI.-,Casos de IRAG extendida entre los internados,0,0,1,3,0,0,0,0,,,,,,,,,,,,,
Mendoza,2025,23,,,HOSPITAL HUMBERTO J. NOTTI.-,Casos de IRAG con muestra respiratoria,0,2,1,1,2,6,0,0,,,,,,,,,,,,,
Mendoza,2025,23,,,HOSPITAL HUMBERTO J. NOTTI.-,Pacientes ingresados a UCI,1,0,1,0,0,1,0,0,,,,,,,,,,,,,
Mendoza,2025,23,,,HOSPITAL HUMBERTO J. NOTTI.-,Casos de IRAG entre los ingresados a UCI,0,0,0,0,0,0,0,0,,,,,,,,,,,,,
Mendoza,2025,23,,,HOSPITAL HUMBERTO J. NOTTI.-,Casos de IRAG extendida entre los ingresados a UCI,0,0,0,0,0,0,0,0,,,,,,,,,,,,,
Mendoza,2025,23,,,HOSPITAL HUMBERTO J. NOTTI.-,Defunciones totales,0,0,0,0,0,1,0,0,,,,,,,,,,,,,
Mendoza,2025,23,,,HOSPITAL HUMBERTO J. NOTTI.-,Defunciones por IRAG,0,0,0,0,0,0,0,0,,,,,,,,,,,,,
Mendoza,2025,23,,,HOSPITAL HUMBERTO J. NOTTI.-,Defunciones por IRAG extendida,0,0,0,0,0,0,0,0,,,,,,,,,,,,,
Mendoza,2025,24,,,HOSPITAL HUMBERTO J. NOTTI.-,Pacientes internados por todas las causas,18,8,7,15,57,42,57,5,,,,,,,,,,,,,
Mendoza,2025,24,,,HOSPITAL HUMBERTO J. NOTTI.-,Casos de IRAG entre los internados,0,1,0,0,7,5,1,0,,,,,,,,,,,,,
Mendoza,2025,24,,,HOSPITAL HUMBERTO J. NOTTI.-,Casos de IRAG extendida entre los internados,0,1,3,2,0,0,0,0,,,,,,,,,,,,,
Mendoza,2025,24,,,HOSPITAL HUMBERTO J. NOTTI.-,Casos de IRAG con muestra respiratoria,0,1,0,0,7,5,1,0,,,,,,,,,,,,,
Mendoza,2025,24,,,HOSPITAL HUMBERTO J. NOTTI.-,Pacientes ingresados a UCI,10,0,0,0,2,0,0,0,,,,,,,,,,,,,
Mendoza,2025,24,,,HOSPITAL HUMBERTO J. NOTTI.-,Casos de IRAG entre los ingresados a UCI,0,0,0,0,1,0,0,0,,,,,,,,,,,,,
Mendoza,2025,24,,,HOSPITAL HUMBERTO J. NOTTI.-,Casos de IRAG extendida entre los ingresados a UCI,0,0,1,0,0,0,0,0,,,,,,,,,,,,,
Mendoza,2025,24,,,HOSPITAL HUMBERTO J. NOTTI.-,Defunciones totales,0,0,0,0,0,2,0,0,,,,,,,,,,,,,
Mendoza,2025,24,,,HOSPITAL HUMBERTO J. NOTTI.-,Defunciones por IRAG,0,0,0,0,0,0,0,0,,,,,,,,,,,,,
Mendoza,2025,24,,,HOSPITAL HUMBERTO J. NOTTI.-,Defunciones por IRAG extendida,0,0,0,0,0,0,0,0,,,,,,,,,,,,,
Mendoza,2025,25,,,HOSPITAL HUMBERTO J. NOTTI.-,Pacientes internados por todas las causas,10,3,14,17,33,41,34,3,,,,,,,,,,,,,
Mendoza,2025,25,,,HOSPITAL HUMBERTO J. NOTTI.-,Casos de IRAG entre los internados,0,0,3,5,7,3,1,0,,,,,,,,,,,,,
Mendoza,2025,25,,,HOSPITAL HUMBERTO J. NOTTI.-,Casos de IRAG extendida entre los internados,1,1,2,0,0,0,0,0,,,,,,,,,,,,,
Mendoza,2025,25,,,HOSPITAL HUMBERTO J. NOTTI.-,Casos de IRAG con muestra respiratoria,0,0,3,5,7,3,1,0,,,,,,,,,,,,,
Mendoza,2025,25,,,HOSPITAL HUMBERTO J. NOTTI.-,Pacientes ingresados a UCI,3,0,0,0,1,1,1,0,,,,,,,,,,,,,
Mendoza,2025,25,,,HOSPITAL HUMBERTO J. NOTTI.-,Casos de IRAG entre los ingresados a UCI,0,0,0,0,1,0,0,0,,,,,,,,,,,,,
Mendoza,2025,25,,,HOSPITAL HUMBERTO J. NOTTI.-,Casos de IRAG extendida entre los ingresados a UCI,0,0,1,0,0,0,0,0,,,,,,,,,,,,,
Mendoza,2025,25,,,HOSPITAL HUMBERTO J. NOTTI.-,Defunciones totales,0,0,0,0,0,0,0,0,,,,,,,,,,,,,
Mendoza,2025,25,,,HOSPITAL HUMBERTO J. NOTTI.-,Defunciones por IRAG,0,0,0,0,0,0,0,0,,,,,,,,,,,,,
Mendoza,2025,25,,,HOSPITAL HUMBERTO J. NOTTI.-,Defunciones por IRAG extendida,0,0,0,0,0,0,0,0,,,,,,,,,,,,,
Mendoza,2025,26,,,HOSPITAL HUMBERTO J. NOTTI.-,Pacientes internados por todas las causas,15,2,9,18,33,39,49,2,,,,,,,,,,,,,
Mendoza,2025,26,,,HOSPITAL HUMBERTO J. NOTTI.-,Casos de IRAG entre los internados,2,1,2,3,3,2,1,0,,,,,,,,,,,,,
Mendoza,2025,26,,,HOSPITAL HUMBERTO J. NOTTI.-,Casos de IRAG extendida entre los internados,2,0,1,1,0,0,0,0,,,,,,,,,,,,,
Mendoza,2025,26,,,HOSPITAL HUMBERTO J. NOTTI.-,Casos de IRAG con muestra respiratoria,2,1,2,3,2,2,1,0,,,,,,,,,,,,,
Mendoza,2025,26,,,HOSPITAL HUMBERTO J. NOTTI.-,Pacientes ingresados a UCI,4,0,1,1,2,0,3,0,,,,,,,,,,,,,
Mendoza,2025,26,,,HOSPITAL HUMBERTO J. NOTTI.-,Casos de IRAG entre los ingresados a UCI,0,0,0,2,0,0,0,0,,,,,,,,,,,,,
Mendoza,2025,26,,,HOSPITAL HUMBERTO J. NOTTI.-,Casos de IRAG extendida entre los ingresados a UCI,1,0,0,0,0,0,0,0,,,,,,,,,,,,,
Mendoza,2025,26,,,HOSPITAL HUMBERTO J. NOTTI.-,Defunciones totales,1,0,0,0,0,0,1,0,,,,,,,,,,,,,
Mendoza,2025,26,,,HOSPITAL HUMBERTO J. NOTTI.-,Defunciones por IRAG,0,0,0,0,0,0,0,0,,,,,,,,,,,,,
Mendoza,2025,26,,,HOSPITAL HUMBERTO J. NOTTI.-,Defunciones por IRAG extendida,0,0,0,0,0,0,0,0,,,,,,,,,,,,,
Mendoza,2025,27,,,HOSPITAL HUMBERTO J. NOTTI.-,Pacientes internados por todas las causas,9,7,11,11,38,40,40,3,,,,,,,,,,,,,
Mendoza,2025,27,,,HOSPITAL HUMBERTO J. NOTTI.-,Casos de IRAG entre los internados,0,2,2,0,12,5,2,0,,,,,,,,,,,,,
Mendoza,2025,27,,,HOSPITAL HUMBERTO J. NOTTI.-,Casos de IRAG extendida entre los internados,2,2,1,2,0,0,0,0,,,,,,,,,,,,,
Mendoza,2025,27,,,HOSPITAL HUMBERTO J. NOTTI.-,Casos de IRAG con muestra respiratoria,0,2,2,0,12,5,2,0,,,,,,,,,,,,,
Mendoza,2025,27,,,HOSPITAL HUMBERTO J. NOTTI.-,Pacientes ingresados a UCI,6,0,0,0,2,0,1,9,,,,,,,,,,,,,
Mendoza,2025,27,,,HOSPITAL HUMBERTO J. NOTTI.-,Casos de IRAG entre los ingresados a UCI,0,1,0,0,0,1,0,0,,,,,,,,,,,,,
Mendoza,2025,27,,,HOSPITAL HUMBERTO J. NOTTI.-,Casos de IRAG extendida entre los ingresados a UCI,1,0,1,0,0,0,0,0,,,,,,,,,,,,,
Mendoza,2025,27,,,HOSPITAL HUMBERTO J. NOTTI.-,Defunciones totales,1,0,0,0,0,0,0,0,,,,,,,,,,,,,
Mendoza,2025,27,,,HOSPITAL HUMBERTO J. NOTTI.-,Defunciones por IRAG,0,0,0,0,0,0,0,0,,,,,,,,,,,,,
Mendoza,2025,27,,,HOSPITAL HUMBERTO J. NOTTI.-,Defunciones por IRAG extendida,0,0,0,0,0,0,0,0,,,,,,,,,,,,,
Mendoza,2025,28,,,HOSPITAL HUMBERTO J. NOTTI.-,Pacientes internados por todas las causas,7,7,13,21,26,25,32,2,,,,,,,,,,,,,
Mendoza,2025,28,,,HOSPITAL HUMBERTO J. NOTTI.-,Casos de IRAG entre los internados,0,0,2,5,5,2,0,0,,,,,,,,,,,,,
Mendoza,2025,28,,,HOSPITAL HUMBERTO J. NOTTI.-,Casos de IRAG extendida entre los internados,0,2,4,1,0,0,0,0,,,,,,,,,,,,,
Mendoza,2025,28,,,HOSPITAL HUMBERTO J. NOTTI.-,Casos de IRAG con muestra respiratoria,0,0,2,5,5,2,0,0,,,,,,,,,,,,,
Mendoza,2025,28,,,HOSPITAL HUMBERTO J. NOTTI.-,Pacientes ingresados a UCI,5,1,1,0,1,0,0,0,,,,,,,,,,,,,
Mendoza,2025,28,,,HOSPITAL HUMBERTO J. NOTTI.-,Casos de IRAG entre los ingresados a UCI,0,0,0,0,1,1,0,0,,,,,,,,,,,,,
Mendoza,2025,28,,,HOSPITAL HUMBERTO J. NOTTI.-,Casos de IRAG extendida entre los ingresados a UCI,0,1,1,0,0,0,0,0,,,,,,,,,,,,,
Mendoza,2025,28,,,HOSPITAL HUMBERTO J. NOTTI.-,Defunciones totales,1,0,0,0,0,0,0,0,,,,,,,,,,,,,
Mendoza,2025,28,,,HOSPITAL HUMBERTO J. NOTTI.-,Defunciones por IRAG,0,0,0,0,0,0,0,0,,,,,,,,,,,,,
Mendoza,2025,28,,,HOSPITAL HUMBERTO J. NOTTI.-,Defunciones por IRAG extendida,0,0,0,0,0,0,0,0,,,,,,,,,,,,,
Mendoza,2025,29,,,HOSPITAL HUMBERTO J. NOTTI.-,Pacientes internados por todas las causas,6,12,10,18,33,38,24,1,,,,,,,,,,,,,
Mendoza,2025,29,,,HOSPITAL HUMBERTO J. NOTTI.-,Casos de IRAG entre los internados,0,0,2,6,3,1,0,0,,,,,,,,,,,,,
Mendoza,2025,29,,,HOSPITAL HUMBERTO J. NOTTI.-,Casos de IRAG extendida entre los internados,2,2,1,1,0,0,0,0,,,,,,,,,,,,,
Mendoza,2025,29,,,HOSPITAL HUMBERTO J. NOTTI.-,Casos de IRAG con muestra respiratoria,0,0,2,6,3,1,0,0,,,,,,,,,,,,,
Mendoza,2025,29,,,HOSPITAL HUMBERTO J. NOTTI.-,Pacientes ingresados a UCI,2,0,1,0,1,1,0,0,,,,,,,,,,,,,
Mendoza,2025,29,,,HOSPITAL HUMBERTO J. NOTTI.-,Casos de IRAG entre los ingresados a UCI,0,0,0,0,0,0,0,0,,,,,,,,,,,,,
Mendoza,2025,29,,,HOSPITAL HUMBERTO J. NOTTI.-,Casos de IRAG extendida entre los ingresados a UCI,1,0,1,0,0,0,0,0,,,,,,,,,,,,,
Mendoza,2025,29,,,HOSPITAL HUMBERTO J. NOTTI.-,Defunciones totales,0,0,0,0,0,0,0,0,,,,,,,,,,,,,
Mendoza,2025,29,,,HOSPITAL HUMBERTO J. NOTTI.-,Defunciones por IRAG,0,0,0,0,0,0,0,0,,,,,,,,,,,,,
Mendoza,2025,29,,,HOSPITAL HUMBERTO J. NOTTI.-,Defunciones por IRAG extendida,0,0,0,0,0,0,0,0,,,,,,,,,,,,,
Mendoza,2025,30,,,HOSPITAL HUMBERTO J. NOTTI.-,Pacientes internados por todas las causas,7,6,7,19,31,32,44,3,,,,,,,,,,,,,
Mendoza,2025,30,,,HOSPITAL HUMBERTO J. NOTTI.-,Casos de IRAG entre los internados,0,2,4,5,3,4,2,0,,,,,,,,,,,,,
Mendoza,2025,30,,,HOSPITAL HUMBERTO J. NOTTI.-,Casos de IRAG extendida entre los internados,1,1,0,2,0,0,0,0,,,,,,,,,,,,,
Mendoza,2025,30,,,HOSPITAL HUMBERTO J. NOTTI.-,Casos de IRAG con muestra respiratoria,0,2,3,5,3,4,2,0,,,,,,,,,,,,,
Mendoza,2025,30,,,HOSPITAL HUMBERTO J. NOTTI.-,Pacientes ingresados a UCI,2,1,0,0,0,0,2,0,,,,,,,,,,,,,
Mendoza,2025,30,,,HOSPITAL HUMBERTO J. NOTTI.-,Casos de IRAG entre los ingresados a UCI,0,0,1,1,0,0,0,0,,,,,,,,,,,,,
Mendoza,2025,30,,,HOSPITAL HUMBERTO J. NOTTI.-,Casos de IRAG extendida entre los ingresados a UCI,1,0,0,0,0,0,0,0,,,,,,,,,,,,,
Mendoza,2025,30,,,HOSPITAL HUMBERTO J. NOTTI.-,Defunciones totales,0,0,0,0,0,0,0,0,,,,,,,,,,,,,
Mendoza,2025,30,,,HOSPITAL HUMBERTO J. NOTTI.-,Defunciones por IRAG,0,0,0,0,0,0,0,0,,,,,,,,,,,,,
Mendoza,2025,30,,,HOSPITAL HUMBERTO J. NOTTI.-,Defunciones por IRAG extendida,0,0,0,0,0,0,0,0,,,,,,,,,,,,,
Mendoza,2025,31,,,HOSPITAL HUMBERTO J. NOTTI.-,Pacientes internados por todas las causas,10,14,22,26,32,33,43,0,,,,,,,,,,,,,
Mendoza,2025,31,,,HOSPITAL HUMBERTO J. NOTTI.-,Casos de IRAG entre los internados,0,2,7,9,5,5,2,0,,,,,,,,,,,,,
Mendoza,2025,31,,,HOSPITAL HUMBERTO J. NOTTI.-,Casos de IRAG extendida entre los internados,2,1,4,1,0,0,0,0,,,,,,,,,,,,,
Mendoza,2025,31,,,HOSPITAL HUMBERTO J. NOTTI.-,Casos de IRAG con muestra respiratoria,0,2,7,8,5,5,2,0,,,,,,,,,,,,,
Mendoza,2025,31,,,HOSPITAL HUMBERTO J. NOTTI.-,Pacientes ingresados a UCI,6,0,2,0,2,0,0,0,,,,,,,,,,,,,
Mendoza,2025,31,,,HOSPITAL HUMBERTO J. NOTTI.-,Casos de IRAG entre los ingresados a UCI,0,0,0,0,1,0,0,0,,,,,,,,,,,,,
Mendoza,2025,31,,,HOSPITAL HUMBERTO J. NOTTI.-,Casos de IRAG extendida entre los ingresados a UCI,0,0,0,0,0,0,0,0,,,,,,,,,,,,,
Mendoza,2025,31,,,HOSPITAL HUMBERTO J. NOTTI.-,Defunciones totales,0,0,0,0,0,0,0,0,,,,,,,,,,,,,
Mendoza,2025,31,,,HOSPITAL HUMBERTO J. NOTTI.-,Defunciones por IRAG,0,0,0,0,0,0,0,0,,,,,,,,,,,,,
Mendoza,2025,31,,,HOSPITAL HUMBERTO J. NOTTI.-,Defunciones por IRAG extendida,0,0,0,0,0,0,0,0,,,,,,,,,,,,,
Mendoza,2025,32,,,HOSPITAL HUMBERTO J. NOTTI.-,Pacientes internados por todas las causas,11,10,13,28,52,37,38,2,,,,,,,,,,,,,
Mendoza,2025,32,,,HOSPITAL HUMBERTO J. NOTTI.-,Casos de IRAG entre los internados,1,1,2,10,15,5,2,1,,,,,,,,,,,,,
Mendoza,2025,32,,,HOSPITAL HUMBERTO J. NOTTI.-,Casos de IRAG extendida entre los internados,2,3,2,2,0,0,0,0,,,,,,,,,,,,,
Mendoza,2025,32,,,HOSPITAL HUMBERTO J. NOTTI.-,Casos de IRAG con muestra respiratoria,1,1,2,10,15,5,2,1,,,,,,,,,,,,,
Mendoza,2025,32,,,HOSPITAL HUMBERTO J. NOTTI.-,Pacientes ingresados a UCI,5,0,0,0,0,0,0,0,,,,,,,,,,,,,
Mendoza,2025,32,,,HOSPITAL HUMBERTO J. NOTTI.-,Casos de IRAG entre los ingresados a UCI,0,0,0,3,2,1,0,0,,,,,,,,,,,,,
Mendoza,2025,32,,,HOSPITAL HUMBERTO J. NOTTI.-,Casos de IRAG extendida entre los ingresados a UCI,0,0,0,0,0,0,0,0,,,,,,,,,,,,,
Mendoza,2025,32,,,HOSPITAL HUMBERTO J. NOTTI.-,Defunciones totales,0,0,0,0,0,0,0,0,,,,,,,,,,,,,
Mendoza,2025,32,,,HOSPITAL HUMBERTO J. NOTTI.-,Defunciones por IRAG,0,0,0,0,0,0,0,0,,,,,,,,,,,,,
Mendoza,2025,32,,,HOSPITAL HUMBERTO J. NOTTI.-,Defunciones por IRAG extendida,0,0,0,0,0,0,0,0,,,,,,,,,,,,,
Mendoza,2025,33,,,HOSPITAL HUMBERTO J. NOTTI.-,Pacientes internados por todas las causas,7,14,19,32,43,49,26,0,,,,,,,,,,,,,
Mendoza,2025,33,,,HOSPITAL HUMBERTO J. NOTTI.-,Casos de IRAG entre los internados,3,2,13,13,14,13,1,0,,,,,,,,,,,,,
Mendoza,2025,33,,,HOSPITAL HUMBERTO J. NOTTI.-,Casos de IRAG extendida entre los internados,2,4,4,4,0,0,0,0,,,,,,,,,,,,,
Mendoza,2025,33,,,HOSPITAL HUMBERTO J. NOTTI.-,Casos de IRAG con muestra respiratoria,3,2,13,13,14,13,1,0,,,,,,,,,,,,,
Mendoza,2025,33,,,HOSPITAL HUMBERTO J. NOTTI.-,Pacientes ingresados a UCI,3,2,0,0,1,0,1,0,,,,,,,,,,,,,
Mendoza,2025,33,,,HOSPITAL HUMBERTO J. NOTTI.-,Casos de IRAG entre los ingresados a UCI,0,0,2,0,1,1,0,0,,,,,,,,,,,,,
Mendoza,2025,33,,,HOSPITAL HUMBERTO J. NOTTI.-,Casos de IRAG extendida entre los ingresados a UCI,1,1,0,0,0,0,0,0,,,,,,,,,,,,,
Mendoza,2025,33,,,HOSPITAL HUMBERTO J. NOTTI.-,Defunciones totales,0,0,0,0,0,0,0,0,,,,,,,,,,,,,
Mendoza,2025,33,,,HOSPITAL HUMBERTO J. NOTTI.-,Defunciones por IRAG,0,0,0,0,0,0,0,0,,,,,,,,,,,,,
Mendoza,2025,33,,,HOSPITAL HUMBERTO J. NOTTI.-,Defunciones por IRAG extendida,0,0,0,0,0,0,0,0,,,,,,,,,,,,,
Mendoza,2025,34,,,HOSPITAL HUMBERTO J. NOTTI.-,Pacientes internados por todas las causas,13,19,34,44,58,87,86,7,,,,,,,,,,,,,
Mendoza,2025,34,,,HOSPITAL HUMBERTO J. NOTTI.-,Casos de IRAG entre los internados,2,4,11,14,15,13,3,0,,,,,,,,,,,,,
Mendoza,2025,34,,,HOSPITAL HUMBERTO J. NOTTI.-,Casos de IRAG extendida entre los internados,1,6,4,4,0,0,0,0,,,,,,,,,,,,,
Mendoza,2025,34,,,HOSPITAL HUMBERTO J. NOTTI.-,Casos de IRAG con muestra respiratoria,2,4,11,14,15,11,3,0,,,,,,,,,,,,,
Mendoza,2025,34,,,HOSPITAL HUMBERTO J. NOTTI.-,Pacientes ingresados a UCI,9,3,0,2,1,0,0,0,,,,,,,,,,,,,
Mendoza,2025,34,,,HOSPITAL HUMBERTO J. NOTTI.-,Casos de IRAG entre los ingresados a UCI,1,1,0,1,1,0,0,0,,,,,,,,,,,,,
Mendoza,2025,34,,,HOSPITAL HUMBERTO J. NOTTI.-,Casos de IRAG extendida entre los ingresados a UCI,0,2,0,1,0,0,0,0,,,,,,,,,,,,,
Mendoza,2025,34,,,HOSPITAL HUMBERTO J. NOTTI.-,Defunciones totales,0,0,0,0,0,0,0,0,,,,,,,,,,,,,
Mendoza,2025,34,,,HOSPITAL HUMBERTO J. NOTTI.-,Defunciones por IRAG,0,0,0,0,0,0,0,0,,,,,,,,,,,,,
Mendoza,2025,34,,,HOSPITAL HUMBERTO J. NOTTI.-,Defunciones por IRAG extendida,0,0,0,0,0,0,0,0,,,,,,,,,,,,,
Mendoza,2025,35,,,HOSPITAL HUMBERTO J. NOTTI.-,Pacientes internados por todas las causas,6,15,39,46,43,56,84,1,,,,,,,,,,,,,
Mendoza,2025,35,,,HOSPITAL HUMBERTO J. NOTTI.-,Casos de IRAG entre los internados,0,5,11,12,14,7,3,0,,,,,,,,,,,,,
Mendoza,2025,35,,,HOSPITAL HUMBERTO J. NOTTI.-,Casos de IRAG extendida entre los internados,3,5,7,8,0,0,0,0,,,,,,,,,,,,,
Mendoza,2025,35,,,HOSPITAL HUMBERTO J. NOTTI.-,Casos de IRAG con muestra respiratoria,0,5,11,12,14,7,3,0,,,,,,,,,,,,,
Mendoza,2025,35,,,HOSPITAL HUMBERTO J. NOTTI.-,Pacientes ingresados a UCI,3,1,1,1,2,1,1,0,,,,,,,,,,,,,
Mendoza,2025,35,,,HOSPITAL HUMBERTO J. NOTTI.-,Casos de IRAG entre los ingresados a UCI,0,1,0,0,1,0,0,0,,,,,,,,,,,,,
Mendoza,2025,35,,,HOSPITAL HUMBERTO J. NOTTI.-,Casos de IRAG extendida entre los ingresados a UCI,1,2,0,0,0,0,0,0,,,,,,,,,,,,,
Mendoza,2025,35,,,HOSPITAL HUMBERTO J. NOTTI.-,Defunciones totales,0,0,0,0,0,0,0,0,,,,,,,,,,,,,
Mendoza,2025,35,,,HOSPITAL HUMBERTO J. NOTTI.-,Defunciones por IRAG,0,0,0,0,0,0,0,0,,,,,,,,,,,,,
Mendoza,2025,35,,,HOSPITAL HUMBERTO J. NOTTI.-,Defunciones por IRAG extendida,0,0,0,0,0,0,0,0,,,,,,,,,,,,,
Mendoza,2025,36,,,HOSPITAL HUMBERTO J. NOTTI.-,Pacientes internados por todas las causas,,,,,,,,,,,,,,,,,,,,,
Mendoza,2025,36,,,HOSPITAL HUMBERTO J. NOTTI.-,Casos de IRAG entre los internados,,,,,,,,,,,,,,,,,,,,,
Mendoza,2025,36,,,HOSPITAL HUMBERTO J. NOTTI.-,Casos de IRAG extendida entre los internados,,,,,,,,,,,,,,,,,,,,,
Mendoza,2025,36,,,HOSPITAL HUMBERTO J. NOTTI.-,Casos de IRAG con muestra respiratoria,,,,,,,,,,,,,,,,,,,,,
Mendoza,2025,36,,,HOSPITAL HUMBERTO J. NOTTI.-,Pacientes ingresados a UCI,,,,,,,,,,,,,,,,,,,,,
Mendoza,2025,36,,,HOSPITAL HUMBERTO J. NOTTI.-,Casos de IRAG entre los ingresados a UCI,,,,,,,,,,,,,,,,,,,,,
Mendoza,2025,36,,,HOSPITAL HUMBERTO J. NOTTI.-,Casos de IRAG extendida entre los ingresados a UCI,,,,,,,,,,,,,,,,,,,,,
Mendoza,2025,36,,,HOSPITAL HUMBERTO J. NOTTI.-,Defunciones totales,,,,,,,,,,,,,,,,,,,,,
Mendoza,2025,36,,,HOSPITAL HUMBERTO J. NOTTI.-,Defunciones por IRAG,,,,,,,,,,,,,,,,,,,,,
Mendoza,2025,36,,,HOSPITAL HUMBERTO J. NOTTI.-,Defunciones por IRAG extendida,,,,,,,,,,,,,,,,,,,,,
Mendoza,2025,37,,,HOSPITAL HUMBERTO J. NOTTI.-,Pacientes internados por todas las causas,,,,,,,,,,,,,,,,,,,,,
Mendoza,2025,37,,,HOSPITAL HUMBERTO J. NOTTI.-,Casos de IRAG entre los internados,,,,,,,,,,,,,,,,,,,,,
Mendoza,2025,37,,,HOSPITAL HUMBERTO J. NOTTI.-,Casos de IRAG extendida entre los internados,,,,,,,,,,,,,,,,,,,,,
Mendoza,2025,37,,,HOSPITAL HUMBERTO J. NOTTI.-,Casos de IRAG con muestra respiratoria,,,,,,,,,,,,,,,,,,,,,
Mendoza,2025,37,,,HOSPITAL HUMBERTO J. NOTTI.-,Pacientes ingresados a UCI,,,,,,,,,,,,,,,,,,,,,
Mendoza,2025,37,,,HOSPITAL HUMBERTO J. NOTTI.-,Casos de IRAG entre los ingresados a UCI,,,,,,,,,,,,,,,,,,,,,
Mendoza,2025,37,,,HOSPITAL HUMBERTO J. NOTTI.-,Casos de IRAG extendida entre los ingresados a UCI,,,,,,,,,,,,,,,,,,,,,
Mendoza,2025,37,,,HOSPITAL HUMBERTO J. NOTTI.-,Defunciones totales,,,,,,,,,,,,,,,,,,,,,
Mendoza,2025,37,,,HOSPITAL HUMBERTO J. NOTTI.-,Defunciones por IRAG,,,,,,,,,,,,,,,,,,,,,
Mendoza,2025,37,,,HOSPITAL HUMBERTO J. NOTTI.-,Defunciones por IRAG extendida,,,,,,,,,,,,,,,,,,,,,
Mendoza,2025,38,,,HOSPITAL HUMBERTO J. NOTTI.-,Pacientes internados por todas las causas,,,,,,,,,,,,,,,,,,,,,
Mendoza,2025,38,,,HOSPITAL HUMBERTO J. NOTTI.-,Casos de IRAG entre los internados,,,,,,,,,,,,,,,,,,,,,
Mendoza,2025,38,,,HOSPITAL HUMBERTO J. NOTTI.-,Casos de IRAG extendida entre los internados,,,,,,,,,,,,,,,,,,,,,
Mendoza,2025,38,,,HOSPITAL HUMBERTO J. NOTTI.-,Casos de IRAG con muestra respiratoria,,,,,,,,,,,,,,,,,,,,,
Mendoza,2025,38,,,HOSPITAL HUMBERTO J. NOTTI.-,Pacientes ingresados a UCI,,,,,,,,,,,,,,,,,,,,,
Mendoza,2025,38,,,HOSPITAL HUMBERTO J. NOTTI.-,Casos de IRAG entre los ingresados a UCI,,,,,,,,,,,,,,,,,,,,,
Mendoza,2025,38,,,HOSPITAL HUMBERTO J. NOTTI.-,Casos de IRAG extendida entre los ingresados a UCI,,,,,,,,,,,,,,,,,,,,,
Mendoza,2025,38,,,HOSPITAL HUMBERTO J. NOTTI.-,Defunciones totales,,,,,,,,,,,,,,,,,,,,,
Mendoza,2025,38,,,HOSPITAL HUMBERTO J. NOTTI.-,Defunciones por IRAG,,,,,,,,,,,,,,,,,,,,,
Mendoza,2025,38,,,HOSPITAL HUMBERTO J. NOTTI.-,Defunciones por IRAG extendida,,,,,,,,,,,,,,,,,,,,,
Mendoza,2025,39,,,HOSPITAL HUMBERTO J. NOTTI.-,Pacientes internados por todas las causas,,,,,,,,,,,,,,,,,,,,,
Mendoza,2025,39,,,HOSPITAL HUMBERTO J. NOTTI.-,Casos de IRAG entre los internados,,,,,,,,,,,,,,,,,,,,,
Mendoza,2025,39,,,HOSPITAL HUMBERTO J. NOTTI.-,Casos de IRAG extendida entre los internados,,,,,,,,,,,,,,,,,,,,,
Mendoza,2025,39,,,HOSPITAL HUMBERTO J. NOTTI.-,Casos de IRAG con muestra respiratoria,,,,,,,,,,,,,,,,,,,,,
Mendoza,2025,39,,,HOSPITAL HUMBERTO J. NOTTI.-,Pacientes ingresados a UCI,,,,,,,,,,,,,,,,,,,,,
Mendoza,2025,39,,,HOSPITAL HUMBERTO J. NOTTI.-,Casos de IRAG entre los ingresados a UCI,,,,,,,,,,,,,,,,,,,,,
Mendoza,2025,39,,,HOSPITAL HUMBERTO J. NOTTI.-,Casos de IRAG extendida entre los ingresados a UCI,,,,,,,,,,,,,,,,,,,,,
Mendoza,2025,39,,,HOSPITAL HUMBERTO J. NOTTI.-,Defunciones totales,,,,,,,,,,,,,,,,,,,,,
Mendoza,2025,39,,,HOSPITAL HUMBERTO J. NOTTI.-,Defunciones por IRAG,,,,,,,,,,,,,,,,,,,,,
Mendoza,2025,39,,,HOSPITAL HUMBERTO J. NOTTI.-,Defunciones por IRAG extendida,,,,,,,,,,,,,,,,,,,,,
Mendoza,2025,40,,,HOSPITAL HUMBERTO J. NOTTI.-,Pacientes internados por todas las causas,,,,,,,,,,,,,,,,,,,,,
Mendoza,2025,40,,,HOSPITAL HUMBERTO J. NOTTI.-,Casos de IRAG entre los internados,,,,,,,,,,,,,,,,,,,,,
Mendoza,2025,40,,,HOSPITAL HUMBERTO J. NOTTI.-,Casos de IRAG extendida entre los internados,,,,,,,,,,,,,,,,,,,,,
Mendoza,2025,40,,,HOSPITAL HUMBERTO J. NOTTI.-,Casos de IRAG con muestra respiratoria,,,,,,,,,,,,,,,,,,,,,
Mendoza,2025,40,,,HOSPITAL HUMBERTO J. NOTTI.-,Pacientes ingresados a UCI,,,,,,,,,,,,,,,,,,,,,
Mendoza,2025,40,,,HOSPITAL HUMBERTO J. NOTTI.-,Casos de IRAG entre los ingresados a UCI,,,,,,,,,,,,,,,,,,,,,
Mendoza,2025,40,,,HOSPITAL HUMBERTO J. NOTTI.-,Casos de IRAG extendida entre los ingresados a UCI,,,,,,,,,,,,,,,,,,,,,
Mendoza,2025,40,,,HOSPITAL HUMBERTO J. NOTTI.-,Defunciones totales,,,,,,,,,,,,,,,,,,,,,
Mendoza,2025,40,,,HOSPITAL HUMBERTO J. NOTTI.-,Defunciones por IRAG,,,,,,,,,,,,,,,,,,,,,
Mendoza,2025,40,,,HOSPITAL HUMBERTO J. NOTTI.-,Defunciones por IRAG extendida,,,,,,,,,,,,,,,,,,,,,
Mendoza,2025,41,,,HOSPITAL HUMBERTO J. NOTTI.-,Pacientes internados por todas las causas,,,,,,,,,,,,,,,,,,,,,
Mendoza,2025,41,,,HOSPITAL HUMBERTO J. NOTTI.-,Casos de IRAG entre los internados,,,,,,,,,,,,,,,,,,,,,
Mendoza,2025,41,,,HOSPITAL HUMBERTO J. NOTTI.-,Casos de IRAG extendida entre los internados,,,,,,,,,,,,,,,,,,,,,
Mendoza,2025,41,,,HOSPITAL HUMBERTO J. NOTTI.-,Casos de IRAG con muestra respiratoria,,,,,,,,,,,,,,,,,,,,,
Mendoza,2025,41,,,HOSPITAL HUMBERTO J. NOTTI.-,Pacientes ingresados a UCI,,,,,,,,,,,,,,,,,,,,,
Mendoza,2025,41,,,HOSPITAL HUMBERTO J. NOTTI.-,Casos de IRAG entre los ingresados a UCI,,,,,,,,,,,,,,,,,,,,,
Mendoza,2025,41,,,HOSPITAL HUMBERTO J. NOTTI.-,Casos de IRAG extendida entre los ingresados a UCI,,,,,,,,,,,,,,,,,,,,,
Mendoza,2025,41,,,HOSPITAL HUMBERTO J. NOTTI.-,Defunciones totales,,,,,,,,,,,,,,,,,,,,,
Mendoza,2025,41,,,HOSPITAL HUMBERTO J. NOTTI.-,Defunciones por IRAG,,,,,,,,,,,,,,,,,,,,,
Mendoza,2025,41,,,HOSPITAL HUMBERTO J. NOTTI.-,Defunciones por IRAG extendida,,,,,,,,,,,,,,,,,,,,,
Mendoza,2025,42,,,HOSPITAL HUMBERTO J. NOTTI.-,Pacientes internados por todas las causas,,,,,,,,,,,,,,,,,,,,,
Mendoza,2025,42,,,HOSPITAL HUMBERTO J. NOTTI.-,Casos de IRAG entre los internados,,,,,,,,,,,,,,,,,,,,,
Mendoza,2025,42,,,HOSPITAL HUMBERTO J. NOTTI.-,Casos de IRAG extendida entre los internados,,,,,,,,,,,,,,,,,,,,,
Mendoza,2025,42,,,HOSPITAL HUMBERTO J. NOTTI.-,Casos de IRAG con muestra respiratoria,,,,,,,,,,,,,,,,,,,,,
Mendoza,2025,42,,,HOSPITAL HUMBERTO J. NOTTI.-,Pacientes ingresados a UCI,,,,,,,,,,,,,,,,,,,,,
Mendoza,2025,42,,,HOSPITAL HUMBERTO J. NOTTI.-,Casos de IRAG entre los ingresados a UCI,,,,,,,,,,,,,,,,,,,,,
Mendoza,2025,42,,,HOSPITAL HUMBERTO J. NOTTI.-,Casos de IRAG extendida entre los ingresados a UCI,,,,,,,,,,,,,,,,,,,,,
Mendoza,2025,42,,,HOSPITAL HUMBERTO J. NOTTI.-,Defunciones totales,,,,,,,,,,,,,,,,,,,,,
Mendoza,2025,42,,,HOSPITAL HUMBERTO J. NOTTI.-,Defunciones por IRAG,,,,,,,,,,,,,,,,,,,,,
Mendoza,2025,42,,,HOSPITAL HUMBERTO J. NOTTI.-,Defunciones por IRAG extendida,,,,,,,,,,,,,,,,,,,,,
Mendoza,2025,43,,,HOSPITAL HUMBERTO J. NOTTI.-,Pacientes internados por todas las causas,,,,,,,,,,,,,,,,,,,,,
Mendoza,2025,43,,,HOSPITAL HUMBERTO J. NOTTI.-,Casos de IRAG entre los internados,,,,,,,,,,,,,,,,,,,,,
Mendoza,2025,43,,,HOSPITAL HUMBERTO J. NOTTI.-,Casos de IRAG extendida entre los internados,,,,,,,,,,,,,,,,,,,,,
Mendoza,2025,43,,,HOSPITAL HUMBERTO J. NOTTI.-,Casos de IRAG con muestra respiratoria,,,,,,,,,,,,,,,,,,,,,
Mendoza,2025,43,,,HOSPITAL HUMBERTO J. NOTTI.-,Pacientes ingresados a UCI,,,,,,,,,,,,,,,,,,,,,
Mendoza,2025,43,,,HOSPITAL HUMBERTO J. NOTTI.-,Casos de IRAG entre los ingresados a UCI,,,,,,,,,,,,,,,,,,,,,
Mendoza,2025,43,,,HOSPITAL HUMBERTO J. NOTTI.-,Casos de IRAG extendida entre los ingresados a UCI,,,,,,,,,,,,,,,,,,,,,
Mendoza,2025,43,,,HOSPITAL HUMBERTO J. NOTTI.-,Defunciones totales,,,,,,,,,,,,,,,,,,,,,
Mendoza,2025,43,,,HOSPITAL HUMBERTO J. NOTTI.-,Defunciones por IRAG,,,,,,,,,,,,,,,,,,,,,
Mendoza,2025,43,,,HOSPITAL HUMBERTO J. NOTTI.-,Defunciones por IRAG extendida,,,,,,,,,,,,,,,,,,,,,
Mendoza,2025,44,,,HOSPITAL HUMBERTO J. NOTTI.-,Pacientes internados por todas las causas,,,,,,,,,,,,,,,,,,,,,
Mendoza,2025,44,,,HOSPITAL HUMBERTO J. NOTTI.-,Casos de IRAG entre los internados,,,,,,,,,,,,,,,,,,,,,
Mendoza,2025,44,,,HOSPITAL HUMBERTO J. NOTTI.-,Casos de IRAG extendida entre los internados,,,,,,,,,,,,,,,,,,,,,
Mendoza,2025,44,,,HOSPITAL HUMBERTO J. NOTTI.-,Casos de IRAG con muestra respiratoria,,,,,,,,,,,,,,,,,,,,,
Mendoza,2025,44,,,HOSPITAL HUMBERTO J. NOTTI.-,Pacientes ingresados a UCI,,,,,,,,,,,,,,,,,,,,,
Mendoza,2025,44,,,HOSPITAL HUMBERTO J. NOTTI.-,Casos de IRAG entre los ingresados a UCI,,,,,,,,,,,,,,,,,,,,,
Mendoza,2025,44,,,HOSPITAL HUMBERTO J. NOTTI.-,Casos de IRAG extendida entre los ingresados a UCI,,,,,,,,,,,,,,,,,,,,,
Mendoza,2025,44,,,HOSPITAL HUMBERTO J. NOTTI.-,Defunciones totales,,,,,,,,,,,,,,,,,,,,,
Mendoza,2025,44,,,HOSPITAL HUMBERTO J. NOTTI.-,Defunciones por IRAG,,,,,,,,,,,,,,,,,,,,,
Mendoza,2025,44,,,HOSPITAL HUMBERTO J. NOTTI.-,Defunciones por IRAG extendida,,,,,,,,,,,,,,,,,,,,,
Mendoza,2025,45,,,HOSPITAL HUMBERTO J. NOTTI.-,Pacientes internados por todas las causas,,,,,,,,,,,,,,,,,,,,,
Mendoza,2025,45,,,HOSPITAL HUMBERTO J. NOTTI.-,Casos de IRAG entre los internados,,,,,,,,,,,,,,,,,,,,,
Mendoza,2025,45,,,HOSPITAL HUMBERTO J. NOTTI.-,Casos de IRAG extendida entre los internados,,,,,,,,,,,,,,,,,,,,,
Mendoza,2025,45,,,HOSPITAL HUMBERTO J. NOTTI.-,Casos de IRAG con muestra respiratoria,,,,,,,,,,,,,,,,,,,,,
Mendoza,2025,45,,,HOSPITAL HUMBERTO J. NOTTI.-,Pacientes ingresados a UCI,,,,,,,,,,,,,,,,,,,,,
Mendoza,2025,45,,,HOSPITAL HUMBERTO J. NOTTI.-,Casos de IRAG entre los ingresados a UCI,,,,,,,,,,,,,,,,,,,,,
Mendoza,2025,45,,,HOSPITAL HUMBERTO J. NOTTI.-,Casos de IRAG extendida entre los ingresados a UCI,,,,,,,,,,,,,,,,,,,,,
Mendoza,2025,45,,,HOSPITAL HUMBERTO J. NOTTI.-,Defunciones totales,,,,,,,,,,,,,,,,,,,,,
Mendoza,2025,45,,,HOSPITAL HUMBERTO J. NOTTI.-,Defunciones por IRAG,,,,,,,,,,,,,,,,,,,,,
Mendoza,2025,45,,,HOSPITAL HUMBERTO J. NOTTI.-,Defunciones por IRAG extendida,,,,,,,,,,,,,,,,,,,,,
Mendoza,2025,46,,,HOSPITAL HUMBERTO J. NOTTI.-,Pacientes internados por todas las causas,,,,,,,,,,,,,,,,,,,,,
Mendoza,2025,46,,,HOSPITAL HUMBERTO J. NOTTI.-,Casos de IRAG entre los internados,,,,,,,,,,,,,,,,,,,,,
Mendoza,2025,46,,,HOSPITAL HUMBERTO J. NOTTI.-,Casos de IRAG extendida entre los internados,,,,,,,,,,,,,,,,,,,,,
Mendoza,2025,46,,,HOSPITAL HUMBERTO J. NOTTI.-,Casos de IRAG con muestra respiratoria,,,,,,,,,,,,,,,,,,,,,
Mendoza,2025,46,,,HOSPITAL HUMBERTO J. NOTTI.-,Pacientes ingresados a UCI,,,,,,,,,,,,,,,,,,,,,
Mendoza,2025,46,,,HOSPITAL HUMBERTO J. NOTTI.-,Casos de IRAG entre los ingresados a UCI,,,,,,,,,,,,,,,,,,,,,
Mendoza,2025,46,,,HOSPITAL HUMBERTO J. NOTTI.-,Casos de IRAG extendida entre los ingresados a UCI,,,,,,,,,,,,,,,,,,,,,
Mendoza,2025,46,,,HOSPITAL HUMBERTO J. NOTTI.-,Defunciones totales,,,,,,,,,,,,,,,,,,,,,
Mendoza,2025,46,,,HOSPITAL HUMBERTO J. NOTTI.-,Defunciones por IRAG,,,,,,,,,,,,,,,,,,,,,
Mendoza,2025,46,,,HOSPITAL HUMBERTO J. NOTTI.-,Defunciones por IRAG extendida,,,,,,,,,,,,,,,,,,,,,
Mendoza,2025,47,,,HOSPITAL HUMBERTO J. NOTTI.-,Pacientes internados por todas las causas,,,,,,,,,,,,,,,,,,,,,
Mendoza,2025,47,,,HOSPITAL HUMBERTO J. NOTTI.-,Casos de IRAG entre los internados,,,,,,,,,,,,,,,,,,,,,
Mendoza,2025,47,,,HOSPITAL HUMBERTO J. NOTTI.-,Casos de IRAG extendida entre los internados,,,,,,,,,,,,,,,,,,,,,
Mendoza,2025,47,,,HOSPITAL HUMBERTO J. NOTTI.-,Casos de IRAG con muestra respiratoria,,,,,,,,,,,,,,,,,,,,,
Mendoza,2025,47,,,HOSPITAL HUMBERTO J. NOTTI.-,Pacientes ingresados a UCI,,,,,,,,,,,,,,,,,,,,,
Mendoza,2025,47,,,HOSPITAL HUMBERTO J. NOTTI.-,Casos de IRAG entre los ingresados a UCI,,,,,,,,,,,,,,,,,,,,,
Mendoza,2025,47,,,HOSPITAL HUMBERTO J. NOTTI.-,Casos de IRAG extendida entre los ingresados a UCI,,,,,,,,,,,,,,,,,,,,,
Mendoza,2025,47,,,HOSPITAL HUMBERTO J. NOTTI.-,Defunciones totales,,,,,,,,,,,,,,,,,,,,,
Mendoza,2025,47,,,HOSPITAL HUMBERTO J. NOTTI.-,Defunciones por IRAG,,,,,,,,,,,,,,,,,,,,,
Mendoza,2025,47,,,HOSPITAL HUMBERTO J. NOTTI.-,Defunciones por IRAG extendida,,,,,,,,,,,,,,,,,,,,,
Mendoza,2025,48,,,HOSPITAL HUMBERTO J. NOTTI.-,Pacientes internados por todas las causas,,,,,,,,,,,,,,,,,,,,,
Mendoza,2025,48,,,HOSPITAL HUMBERTO J. NOTTI.-,Casos de IRAG entre los internados,,,,,,,,,,,,,,,,,,,,,
Mendoza,2025,48,,,HOSPITAL HUMBERTO J. NOTTI.-,Casos de IRAG extendida entre los internados,,,,,,,,,,,,,,,,,,,,,
Mendoza,2025,48,,,HOSPITAL HUMBERTO J. NOTTI.-,Casos de IRAG con muestra respiratoria,,,,,,,,,,,,,,,,,,,,,
Mendoza,2025,48,,,HOSPITAL HUMBERTO J. NOTTI.-,Pacientes ingresados a UCI,,,,,,,,,,,,,,,,,,,,,
Mendoza,2025,48,,,HOSPITAL HUMBERTO J. NOTTI.-,Casos de IRAG entre los ingresados a UCI,,,,,,,,,,,,,,,,,,,,,
Mendoza,2025,48,,,HOSPITAL HUMBERTO J. NOTTI.-,Casos de IRAG extendida entre los ingresados a UCI,,,,,,,,,,,,,,,,,,,,,
Mendoza,2025,48,,,HOSPITAL HUMBERTO J. NOTTI.-,Defunciones totales,,,,,,,,,,,,,,,,,,,,,
Mendoza,2025,48,,,HOSPITAL HUMBERTO J. NOTTI.-,Defunciones por IRAG,,,,,,,,,,,,,,,,,,,,,
Mendoza,2025,48,,,HOSPITAL HUMBERTO J. NOTTI.-,Defunciones por IRAG extendida,,,,,,,,,,,,,,,,,,,,,
Mendoza,2025,49,,,HOSPITAL HUMBERTO J. NOTTI.-,Pacientes internados por todas las causas,,,,,,,,,,,,,,,,,,,,,
Mendoza,2025,49,,,HOSPITAL HUMBERTO J. NOTTI.-,Casos de IRAG entre los internados,,,,,,,,,,,,,,,,,,,,,
Mendoza,2025,49,,,HOSPITAL HUMBERTO J. NOTTI.-,Casos de IRAG extendida entre los internados,,,,,,,,,,,,,,,,,,,,,
Mendoza,2025,49,,,HOSPITAL HUMBERTO J. NOTTI.-,Casos de IRAG con muestra respiratoria,,,,,,,,,,,,,,,,,,,,,
Mendoza,2025,49,,,HOSPITAL HUMBERTO J. NOTTI.-,Pacientes ingresados a UCI,,,,,,,,,,,,,,,,,,,,,
Mendoza,2025,49,,,HOSPITAL HUMBERTO J. NOTTI.-,Casos de IRAG entre los ingresados a UCI,,,,,,,,,,,,,,,,,,,,,
Mendoza,2025,49,,,HOSPITAL HUMBERTO J. NOTTI.-,Casos de IRAG extendida entre los ingresados a UCI,,,,,,,,,,,,,,,,,,,,,
Mendoza,2025,49,,,HOSPITAL HUMBERTO J. NOTTI.-,Defunciones totales,,,,,,,,,,,,,,,,,,,,,
Mendoza,2025,49,,,HOSPITAL HUMBERTO J. NOTTI.-,Defunciones por IRAG,,,,,,,,,,,,,,,,,,,,,
Mendoza,2025,49,,,HOSPITAL HUMBERTO J. NOTTI.-,Defunciones por IRAG extendida,,,,,,,,,,,,,,,,,,,,,
Mendoza,2025,50,,,HOSPITAL HUMBERTO J. NOTTI.-,Pacientes internados por todas las causas,,,,,,,,,,,,,,,,,,,,,
Mendoza,2025,50,,,HOSPITAL HUMBERTO J. NOTTI.-,Casos de IRAG entre los internados,,,,,,,,,,,,,,,,,,,,,
Mendoza,2025,50,,,HOSPITAL HUMBERTO J. NOTTI.-,Casos de IRAG extendida entre los internados,,,,,,,,,,,,,,,,,,,,,
Mendoza,2025,50,,,HOSPITAL HUMBERTO J. NOTTI.-,Casos de IRAG con muestra respiratoria,,,,,,,,,,,,,,,,,,,,,
Mendoza,2025,50,,,HOSPITAL HUMBERTO J. NOTTI.-,Pacientes ingresados a UCI,,,,,,,,,,,,,,,,,,,,,
Mendoza,2025,50,,,HOSPITAL HUMBERTO J. NOTTI.-,Casos de IRAG entre los ingresados a UCI,,,,,,,,,,,,,,,,,,,,,
Mendoza,2025,50,,,HOSPITAL HUMBERTO J. NOTTI.-,Casos de IRAG extendida entre los ingresados a UCI,,,,,,,,,,,,,,,,,,,,,
Mendoza,2025,50,,,HOSPITAL HUMBERTO J. NOTTI.-,Defunciones totales,,,,,,,,,,,,,,,,,,,,,
Mendoza,2025,50,,,HOSPITAL HUMBERTO J. NOTTI.-,Defunciones por IRAG,,,,,,,,,,,,,,,,,,,,,
Mendoza,2025,50,,,HOSPITAL HUMBERTO J. NOTTI.-,Defunciones por IRAG extendida,,,,,,,,,,,,,,,,,,,,,
Mendoza,2025,51,,,HOSPITAL HUMBERTO J. NOTTI.-,Pacientes internados por todas las causas,,,,,,,,,,,,,,,,,,,,,
Mendoza,2025,51,,,HOSPITAL HUMBERTO J. NOTTI.-,Casos de IRAG entre los internados,,,,,,,,,,,,,,,,,,,,,
Mendoza,2025,51,,,HOSPITAL HUMBERTO J. NOTTI.-,Casos de IRAG extendida entre los internados,,,,,,,,,,,,,,,,,,,,,
Mendoza,2025,51,,,HOSPITAL HUMBERTO J. NOTTI.-,Casos de IRAG con muestra respiratoria,,,,,,,,,,,,,,,,,,,,,
Mendoza,2025,51,,,HOSPITAL HUMBERTO J. NOTTI.-,Pacientes ingresados a UCI,,,,,,,,,,,,,,,,,,,,,
Mendoza,2025,51,,,HOSPITAL HUMBERTO J. NOTTI.-,Casos de IRAG entre los ingresados a UCI,,,,,,,,,,,,,,,,,,,,,
Mendoza,2025,51,,,HOSPITAL HUMBERTO J. NOTTI.-,Casos de IRAG extendida entre los ingresados a UCI,,,,,,,,,,,,,,,,,,,,,
Mendoza,2025,51,,,HOSPITAL HUMBERTO J. NOTTI.-,Defunciones totales,,,,,,,,,,,,,,,,,,,,,
Mendoza,2025,51,,,HOSPITAL HUMBERTO J. NOTTI.-,Defunciones por IRAG,,,,,,,,,,,,,,,,,,,,,
Mendoza,2025,51,,,HOSPITAL HUMBERTO J. NOTTI.-,Defunciones por IRAG extendida,,,,,,,,,,,,,,,,,,,,,
Mendoza,2025,52,,,HOSPITAL HUMBERTO J. NOTTI.-,Pacientes internados por todas las causas,,,,,,,,,,,,,,,,,,,,,
Mendoza,2025,52,,,HOSPITAL HUMBERTO J. NOTTI.-,Casos de IRAG entre los internados,,,,,,,,,,,,,,,,,,,,,
Mendoza,2025,52,,,HOSPITAL HUMBERTO J. NOTTI.-,Casos de IRAG extendida entre los internados,,,,,,,,,,,,,,,,,,,,,
Mendoza,2025,52,,,HOSPITAL HUMBERTO J. NOTTI.-,Casos de IRAG con muestra respiratoria,,,,,,,,,,,,,,,,,,,,,
Mendoza,2025,52,,,HOSPITAL HUMBERTO J. NOTTI.-,Pacientes ingresados a UCI,,,,,,,,,,,,,,,,,,,,,
Mendoza,2025,52,,,HOSPITAL HUMBERTO J. NOTTI.-,Casos de IRAG entre los ingresados a UCI,,,,,,,,,,,,,,,,,,,,,
Mendoza,2025,52,,,HOSPITAL HUMBERTO J. NOTTI.-,Casos de IRAG extendida entre los ingresados a UCI,,,,,,,,,,,,,,,,,,,,,
Mendoza,2025,52,,,HOSPITAL HUMBERTO J. NOTTI.-,Defunciones totales,,,,,,,,,,,,,,,,,,,,,
Mendoza,2025,52,,,HOSPITAL HUMBERTO J. NOTTI.-,Defunciones por IRAG,,,,,,,,,,,,,,,,,,,,,
Mendoza,2025,52,,,HOSPITAL HUMBERTO J. NOTTI.-,Defunciones por IRAG extendida,,,,,,,,,,,,,,,,,,,,,